baseline,file,line,symbol,language,status,audit_refs
94ff55f,src/akasha/api/batch.mojo,12,BatchMutation.__init__,Mojo,inventory_only,
94ff55f,src/akasha/api/batch.mojo,25,BatchMutation.upsert,Mojo,inventory_only,
94ff55f,src/akasha/api/batch.mojo,29,BatchMutation.document_upsert,Mojo,inventory_only,
94ff55f,src/akasha/api/batch.mojo,37,BatchMutation.delete,Mojo,inventory_only,
94ff55f,src/akasha/api/batch.mojo,48,BatchWriteResult.__init__,Mojo,inventory_only,
94ff55f,src/akasha/api/collection.mojo,115,_ResolvedCollectionConfig.__init__,Mojo,inventory_only,
94ff55f,src/akasha/api/collection.mojo,129,_HnswRebuildOrdinal.__init__,Mojo,inventory_only,
94ff55f,src/akasha/api/collection.mojo,134,_HnswRebuildOrdinal.__lt__,Mojo,inventory_only,
94ff55f,src/akasha/api/collection.mojo,185,PersistentCollection.__init__,Mojo,inventory_only,
94ff55f,src/akasha/api/collection.mojo,255,PersistentCollection.open,Mojo,inventory_only,
94ff55f,src/akasha/api/collection.mojo,269,PersistentCollection.open_with_config,Mojo,inventory_only,
94ff55f,src/akasha/api/collection.mojo,531,PersistentCollection.collection_config,Mojo,inventory_only,
94ff55f,src/akasha/api/collection.mojo,535,PersistentCollection.ann_metric,Mojo,inventory_only,
94ff55f,src/akasha/api/collection.mojo,539,PersistentCollection.close,Mojo,discussed_in_audit,L01
94ff55f,src/akasha/api/collection.mojo,556,PersistentCollection.background_maintenance_enabled,Mojo,inventory_only,
94ff55f,src/akasha/api/collection.mojo,559,PersistentCollection.schedule_maintenance,Mojo,discussed_in_audit,L01
94ff55f,src/akasha/api/collection.mojo,564,PersistentCollection.wait_for_maintenance,Mojo,discussed_in_audit,L01
94ff55f,src/akasha/api/collection.mojo,569,PersistentCollection.last_sequence,Mojo,inventory_only,
94ff55f,src/akasha/api/collection.mojo,574,PersistentCollection.metadata_live_count,Mojo,inventory_only,
94ff55f,src/akasha/api/collection.mojo,579,PersistentCollection.metadata_match_count,Mojo,inventory_only,
94ff55f,src/akasha/api/collection.mojo,584,PersistentCollection.hnsw_cache_hit,Mojo,inventory_only,
94ff55f,src/akasha/api/collection.mojo,589,PersistentCollection.metadata_cache_hit,Mojo,inventory_only,
94ff55f,src/akasha/api/collection.mojo,594,PersistentCollection.hnsw_available,Mojo,inventory_only,
94ff55f,src/akasha/api/collection.mojo,599,PersistentCollection.hnsw_unavailable_reason,Mojo,inventory_only,
94ff55f,src/akasha/api/collection.mojo,604,PersistentCollection.last_dense_plan_reason,Mojo,inventory_only,
94ff55f,src/akasha/api/collection.mojo,609,PersistentCollection.last_search_stats,Mojo,inventory_only,
94ff55f,src/akasha/api/collection.mojo,615,PersistentCollection.hnsw_slot_count,Mojo,inventory_only,
94ff55f,src/akasha/api/collection.mojo,620,PersistentCollection.hnsw_inactive_count,Mojo,inventory_only,
94ff55f,src/akasha/api/collection.mojo,625,PersistentCollection.hnsw_build_distance_evaluations,Mojo,inventory_only,
94ff55f,src/akasha/api/collection.mojo,630,PersistentCollection.last_hnsw_rerank_candidate_count,Mojo,inventory_only,
94ff55f,src/akasha/api/collection.mojo,635,PersistentCollection.last_hnsw_rerank_ordinal_lookups,Mojo,inventory_only,
94ff55f,src/akasha/api/collection.mojo,640,PersistentCollection.last_hnsw_rerank_linear_id_scans,Mojo,inventory_only,
94ff55f,src/akasha/api/collection.mojo,645,PersistentCollection.last_hnsw_rerank_payload_clones,Mojo,inventory_only,
94ff55f,src/akasha/api/collection.mojo,650,PersistentCollection.last_hnsw_upsert_ordinal_lookups,Mojo,inventory_only,
94ff55f,src/akasha/api/collection.mojo,655,PersistentCollection.last_hnsw_upsert_memtable_id_scans,Mojo,inventory_only,
94ff55f,src/akasha/api/collection.mojo,660,PersistentCollection.last_hnsw_upsert_record_clones,Mojo,inventory_only,
94ff55f,src/akasha/api/collection.mojo,665,PersistentCollection.hnsw_id_lookup_build_count,Mojo,inventory_only,
94ff55f,src/akasha/api/collection.mojo,670,PersistentCollection.hnsw_id_lookup_incremental_append_count,Mojo,inventory_only,
94ff55f,src/akasha/api/collection.mojo,677,PersistentCollection.snapshot,Mojo,inventory_only,
94ff55f,src/akasha/api/collection.mojo,682,PersistentCollection._snapshot_unlocked,Mojo,inventory_only,
94ff55f,src/akasha/api/collection.mojo,696,PersistentCollection.upsert,Mojo,inventory_only,
94ff55f,src/akasha/api/collection.mojo,700,PersistentCollection._upsert_unlocked,Mojo,inventory_only,
94ff55f,src/akasha/api/collection.mojo,716,PersistentCollection.upsert_document,Mojo,inventory_only,
94ff55f,src/akasha/api/collection.mojo,725,PersistentCollection._upsert_document_unlocked,Mojo,inventory_only,
94ff55f,src/akasha/api/collection.mojo,749,PersistentCollection.apply_batch,Mojo,inventory_only,
94ff55f,src/akasha/api/collection.mojo,757,PersistentCollection._apply_batch_unlocked,Mojo,inventory_only,
94ff55f,src/akasha/api/collection.mojo,846,PersistentCollection.get,Mojo,inventory_only,
94ff55f,src/akasha/api/collection.mojo,851,PersistentCollection.get_projected,Mojo,inventory_only,
94ff55f,src/akasha/api/collection.mojo,861,PersistentCollection.upsert_sparse,Mojo,inventory_only,
94ff55f,src/akasha/api/collection.mojo,865,PersistentCollection._upsert_sparse_unlocked,Mojo,inventory_only,
94ff55f,src/akasha/api/collection.mojo,881,PersistentCollection.delete,Mojo,inventory_only,
94ff55f,src/akasha/api/collection.mojo,885,PersistentCollection._delete_unlocked,Mojo,inventory_only,
94ff55f,src/akasha/api/collection.mojo,904,PersistentCollection.search_dot,Mojo,inventory_only,
94ff55f,src/akasha/api/collection.mojo,910,PersistentCollection.search_l2,Mojo,inventory_only,
94ff55f,src/akasha/api/collection.mojo,916,PersistentCollection.search_cosine,Mojo,inventory_only,
94ff55f,src/akasha/api/collection.mojo,922,PersistentCollection.search_dot_batch,Mojo,inventory_only,
94ff55f,src/akasha/api/collection.mojo,932,PersistentCollection.search_l2_batch,Mojo,inventory_only,
94ff55f,src/akasha/api/collection.mojo,942,PersistentCollection.search_cosine_batch,Mojo,inventory_only,
94ff55f,src/akasha/api/collection.mojo,952,PersistentCollection.search_device_dot_batch,Mojo,inventory_only,
94ff55f,src/akasha/api/collection.mojo,963,PersistentCollection.search_device_l2_batch,Mojo,inventory_only,
94ff55f,src/akasha/api/collection.mojo,974,PersistentCollection.search_device_cosine_batch,Mojo,inventory_only,
94ff55f,src/akasha/api/collection.mojo,985,PersistentCollection.search_dot_where_batch,Mojo,inventory_only,
94ff55f,src/akasha/api/collection.mojo,998,PersistentCollection.search_l2_where_batch,Mojo,inventory_only,
94ff55f,src/akasha/api/collection.mojo,1011,PersistentCollection.search_cosine_where_batch,Mojo,inventory_only,
94ff55f,src/akasha/api/collection.mojo,1024,PersistentCollection.search_device_dot_where_batch,Mojo,inventory_only,
94ff55f,src/akasha/api/collection.mojo,1036,PersistentCollection.search_device_l2_where_batch,Mojo,inventory_only,
94ff55f,src/akasha/api/collection.mojo,1048,PersistentCollection.search_device_cosine_where_batch,Mojo,inventory_only,
94ff55f,src/akasha/api/collection.mojo,1060,PersistentCollection.search_dot_approx,Mojo,inventory_only,
94ff55f,src/akasha/api/collection.mojo,1068,PersistentCollection.search_l2_approx,Mojo,inventory_only,
94ff55f,src/akasha/api/collection.mojo,1076,PersistentCollection.search_cosine_approx,Mojo,inventory_only,
94ff55f,src/akasha/api/collection.mojo,1084,PersistentCollection.search_dot_filtered,Mojo,inventory_only,
94ff55f,src/akasha/api/collection.mojo,1092,PersistentCollection.search_l2_filtered,Mojo,inventory_only,
94ff55f,src/akasha/api/collection.mojo,1100,PersistentCollection.search_cosine_filtered,Mojo,inventory_only,
94ff55f,src/akasha/api/collection.mojo,1108,PersistentCollection.search_dot_where,Mojo,inventory_only,
94ff55f,src/akasha/api/collection.mojo,1116,PersistentCollection.search_l2_where,Mojo,inventory_only,
94ff55f,src/akasha/api/collection.mojo,1124,PersistentCollection.search_cosine_where,Mojo,inventory_only,
94ff55f,src/akasha/api/collection.mojo,1132,PersistentCollection.search_dot_approx_where,Mojo,inventory_only,
94ff55f,src/akasha/api/collection.mojo,1144,PersistentCollection.search_l2_approx_where,Mojo,inventory_only,
94ff55f,src/akasha/api/collection.mojo,1156,PersistentCollection.search_cosine_approx_where,Mojo,inventory_only,
94ff55f,src/akasha/api/collection.mojo,1168,PersistentCollection.search_sparse_dot,Mojo,inventory_only,
94ff55f,src/akasha/api/collection.mojo,1174,PersistentCollection.search_sparse_dot_where,Mojo,inventory_only,
94ff55f,src/akasha/api/collection.mojo,1182,PersistentCollection.search_hybrid_dot,Mojo,inventory_only,
94ff55f,src/akasha/api/collection.mojo,1199,PersistentCollection.search_hybrid_l2,Mojo,inventory_only,
94ff55f,src/akasha/api/collection.mojo,1216,PersistentCollection.search_hybrid_cosine,Mojo,inventory_only,
94ff55f,src/akasha/api/collection.mojo,1233,PersistentCollection.search_hybrid_dot_where,Mojo,inventory_only,
94ff55f,src/akasha/api/collection.mojo,1252,PersistentCollection.search_hybrid_l2_where,Mojo,inventory_only,
94ff55f,src/akasha/api/collection.mojo,1271,PersistentCollection.search_hybrid_cosine_where,Mojo,inventory_only,
94ff55f,src/akasha/api/collection.mojo,1290,PersistentCollection.flush,Mojo,inventory_only,
94ff55f,src/akasha/api/collection.mojo,1295,PersistentCollection.rebuild_hnsw,Mojo,discussed_in_audit,L04
94ff55f,src/akasha/api/collection.mojo,1301,PersistentCollection.backup_to,Mojo,discussed_in_audit,L03;Z07
94ff55f,src/akasha/api/collection.mojo,1315,PersistentCollection._flush_unlocked,Mojo,discussed_in_audit,L02;L06;Z02
94ff55f,src/akasha/api/collection.mojo,1543,PersistentCollection.compact,Mojo,inventory_only,
94ff55f,src/akasha/api/collection.mojo,1548,PersistentCollection._compact_unlocked,Mojo,discussed_in_audit,L03
94ff55f,src/akasha/api/collection.mojo,1558,PersistentCollection._compact_committed,Mojo,discussed_in_audit,L03
94ff55f,src/akasha/api/collection.mojo,1636,PersistentCollection.maintenance,Mojo,inventory_only,
94ff55f,src/akasha/api/collection.mojo,1641,PersistentCollection._maintenance_unlocked,Mojo,discussed_in_audit,L05
94ff55f,src/akasha/api/collection.mojo,1654,PersistentCollection._retire_or_reclaim,Mojo,discussed_in_audit,L02
94ff55f,src/akasha/api/collection.mojo,1676,PersistentCollection._reclaim_retired,Mojo,discussed_in_audit,L02
94ff55f,src/akasha/api/collection.mojo,1679,PersistentCollection._search_filtered,Mojo,inventory_only,
94ff55f,src/akasha/api/collection.mojo,1695,PersistentCollection._search_approx_unlocked,Mojo,inventory_only,
94ff55f,src/akasha/api/collection.mojo,1777,PersistentCollection._search_approx_where_unlocked,Mojo,inventory_only,
94ff55f,src/akasha/api/collection.mojo,1875,PersistentCollection._record_exact_fallback_stats,Mojo,inventory_only,
94ff55f,src/akasha/api/collection.mojo,1903,PersistentCollection._search_where,Mojo,inventory_only,
94ff55f,src/akasha/api/collection.mojo,1918,PersistentCollection._search_candidates,Mojo,inventory_only,
94ff55f,src/akasha/api/collection.mojo,1947,PersistentCollection._search_sparse_where,Mojo,inventory_only,
94ff55f,src/akasha/api/collection.mojo,1971,PersistentCollection._search_hybrid,Mojo,inventory_only,
94ff55f,src/akasha/api/collection.mojo,1990,PersistentCollection._search_hybrid_where,Mojo,inventory_only,
94ff55f,src/akasha/api/collection.mojo,2010,PersistentCollection._validate_hybrid,Mojo,inventory_only,
94ff55f,src/akasha/api/collection.mojo,2026,PersistentCollection._validate_vector,Mojo,inventory_only,
94ff55f,src/akasha/api/collection.mojo,2033,PersistentCollection._ensure_open,Mojo,discussed_in_audit,L01
94ff55f,src/akasha/api/collection.mojo,2044,PersistentCollection._update_hnsw_after_upsert,Mojo,inventory_only,
94ff55f,src/akasha/api/collection.mojo,2068,PersistentCollection._ensure_hnsw_id_lookup,Mojo,inventory_only,
94ff55f,src/akasha/api/collection.mojo,2081,PersistentCollection._extend_hnsw_id_lookup,Mojo,inventory_only,
94ff55f,src/akasha/api/collection.mojo,2101,PersistentCollection._update_hnsw_after_delete,Mojo,inventory_only,
94ff55f,src/akasha/api/collection.mojo,2115,PersistentCollection._record_hnsw_mutation,Mojo,inventory_only,
94ff55f,src/akasha/api/collection.mojo,2120,PersistentCollection._mark_hnsw_unavailable,Mojo,inventory_only,
94ff55f,src/akasha/api/collection.mojo,2125,PersistentCollection._hnsw_requires_maintenance,Mojo,discussed_in_audit,L05
94ff55f,src/akasha/api/collection.mojo,2133,PersistentCollection._maintain_hnsw_for_flush,Mojo,discussed_in_audit,L04
94ff55f,src/akasha/api/collection.mojo,2143,PersistentCollection._ensure_owned_hnsw_checkpoint,Mojo,inventory_only,
94ff55f,src/akasha/api/collection.mojo,2153,PersistentCollection._rebuild_hnsw_unlocked,Mojo,discussed_in_audit,L04
94ff55f,src/akasha/api/collection.mojo,2167,PersistentCollection._metric_compatible,Mojo,inventory_only,
94ff55f,src/akasha/api/collection.mojo,2174,PersistentCollection._finish_hnsw_candidates,Mojo,inventory_only,
94ff55f,src/akasha/api/collection.mojo,2211,PersistentCollection._invalidate_cache_hits,Mojo,inventory_only,
94ff55f,src/akasha/api/collection.mojo,2215,PersistentCollection._publish_index_caches_best_effort,Mojo,inventory_only,
94ff55f,src/akasha/api/collection.mojo,2252,PersistentCollection._next_sequence,Mojo,inventory_only,
94ff55f,src/akasha/api/collection.mojo,2258,_clone_vector,Mojo,discussed_in_audit,A05
94ff55f,src/akasha/api/collection.mojo,2265,_copy_hnsw_search_stats,Mojo,discussed_in_audit,A17
94ff55f,src/akasha/api/collection.mojo,2287,_resolve_collection_config,Mojo,inventory_only,
94ff55f,src/akasha/api/collection.mojo,2313,_require_matching_config,Mojo,inventory_only,
94ff55f,src/akasha/api/collection.mojo,2348,_raise_config_mismatch,Mojo,inventory_only,
94ff55f,src/akasha/api/collection.mojo,2365,_build_hnsw,Mojo,inventory_only,
94ff55f,src/akasha/api/collection.mojo,2391,_build_metadata,Mojo,inventory_only,
94ff55f,src/akasha/api/collection.mojo,2407,_build_hnsw_id_lookup,Mojo,inventory_only,
94ff55f,src/akasha/api/collection.mojo,2416,_clone_segment_descriptors,Mojo,inventory_only,
94ff55f,src/akasha/api/collection.mojo,2429,_HnswCacheLoad.__init__,Mojo,inventory_only,
94ff55f,src/akasha/api/collection.mojo,2433,_HnswCacheLoad.take_index,Mojo,inventory_only,
94ff55f,src/akasha/api/collection.mojo,2449,_HnswRecoveryLoad.__init__,Mojo,inventory_only,
94ff55f,src/akasha/api/collection.mojo,2465,_HnswRecoveryLoad.take_index,Mojo,inventory_only,
94ff55f,src/akasha/api/collection.mojo,2477,_MetadataCacheLoad.__init__,Mojo,inventory_only,
94ff55f,src/akasha/api/collection.mojo,2481,_MetadataCacheLoad.take_index,Mojo,inventory_only,
94ff55f,src/akasha/api/collection.mojo,2488,_load_hnsw_cache,Mojo,inventory_only,
94ff55f,src/akasha/api/collection.mojo,2528,_load_or_rebuild_hnsw,Mojo,inventory_only,
94ff55f,src/akasha/api/collection.mojo,2615,_rebuild_hnsw_for_recovery,Mojo,inventory_only,
94ff55f,src/akasha/api/collection.mojo,2633,_hnsw_matches_ids,Mojo,inventory_only,
94ff55f,src/akasha/api/collection.mojo,2644,_hnsw_matches_memtable,Mojo,inventory_only,
94ff55f,src/akasha/api/collection.mojo,2654,_replay_hnsw_wal,Mojo,inventory_only,
94ff55f,src/akasha/api/collection.mojo,2675,_load_or_build_metadata_cache,Mojo,inventory_only,
94ff55f,src/akasha/api/database.mojo,5,DatabaseConfig.__init__,Mojo,inventory_only,
94ff55f,src/akasha/api/snapshot.mojo,67,ReadSnapshot.__init__,Mojo,inventory_only,
94ff55f,src/akasha/api/snapshot.mojo,88,ReadSnapshot.capture,Mojo,discussed_in_audit,L02;Z01
94ff55f,src/akasha/api/snapshot.mojo,117,ReadSnapshot.__deinit__,Mojo,discussed_in_audit,L01;L02
94ff55f,src/akasha/api/snapshot.mojo,121,ReadSnapshot.close,Mojo,discussed_in_audit,L01;L02
94ff55f,src/akasha/api/snapshot.mojo,128,ReadSnapshot.generation,Mojo,inventory_only,
94ff55f,src/akasha/api/snapshot.mojo,131,ReadSnapshot.last_sequence,Mojo,inventory_only,
94ff55f,src/akasha/api/snapshot.mojo,134,ReadSnapshot.collection_config,Mojo,inventory_only,
94ff55f,src/akasha/api/snapshot.mojo,137,ReadSnapshot.config_fingerprint,Mojo,inventory_only,
94ff55f,src/akasha/api/snapshot.mojo,140,ReadSnapshot.get,Mojo,discussed_in_audit,Z05
94ff55f,src/akasha/api/snapshot.mojo,144,ReadSnapshot.get_projected,Mojo,discussed_in_audit,Z05
94ff55f,src/akasha/api/snapshot.mojo,153,ReadSnapshot.documents,Mojo,discussed_in_audit,Z05
94ff55f,src/akasha/api/snapshot.mojo,170,ReadSnapshot.sparse_records,Mojo,inventory_only,
94ff55f,src/akasha/api/snapshot.mojo,179,ReadSnapshot.search_dot,Mojo,inventory_only,
94ff55f,src/akasha/api/snapshot.mojo,185,ReadSnapshot.search_l2,Mojo,inventory_only,
94ff55f,src/akasha/api/snapshot.mojo,191,ReadSnapshot.search_cosine,Mojo,inventory_only,
94ff55f,src/akasha/api/snapshot.mojo,197,ReadSnapshot.search_dot_controlled,Mojo,inventory_only,
94ff55f,src/akasha/api/snapshot.mojo,202,ReadSnapshot.search_l2_controlled,Mojo,inventory_only,
94ff55f,src/akasha/api/snapshot.mojo,207,ReadSnapshot.search_cosine_controlled,Mojo,inventory_only,
94ff55f,src/akasha/api/snapshot.mojo,212,ReadSnapshot.search_dot_parallel,Mojo,inventory_only,
94ff55f,src/akasha/api/snapshot.mojo,219,ReadSnapshot.search_l2_parallel,Mojo,inventory_only,
94ff55f,src/akasha/api/snapshot.mojo,226,ReadSnapshot.search_cosine_parallel,Mojo,inventory_only,
94ff55f,src/akasha/api/snapshot.mojo,237,ReadSnapshot.search_sq8_dot,Mojo,inventory_only,
94ff55f,src/akasha/api/snapshot.mojo,243,ReadSnapshot.search_sq8_l2,Mojo,inventory_only,
94ff55f,src/akasha/api/snapshot.mojo,248,ReadSnapshot.search_sq8_cosine,Mojo,inventory_only,
94ff55f,src/akasha/api/snapshot.mojo,253,ReadSnapshot.search_pq_dot,Mojo,inventory_only,
94ff55f,src/akasha/api/snapshot.mojo,273,ReadSnapshot.search_pq_l2,Mojo,inventory_only,
94ff55f,src/akasha/api/snapshot.mojo,293,ReadSnapshot.search_pq_cosine,Mojo,inventory_only,
94ff55f,src/akasha/api/snapshot.mojo,313,ReadSnapshot.search_dot_batch,Mojo,inventory_only,
94ff55f,src/akasha/api/snapshot.mojo,325,ReadSnapshot.search_l2_batch,Mojo,inventory_only,
94ff55f,src/akasha/api/snapshot.mojo,337,ReadSnapshot.search_cosine_batch,Mojo,inventory_only,
94ff55f,src/akasha/api/snapshot.mojo,349,ReadSnapshot.search_device_dot_batch,Mojo,inventory_only,
94ff55f,src/akasha/api/snapshot.mojo,359,ReadSnapshot.search_device_l2_batch,Mojo,inventory_only,
94ff55f,src/akasha/api/snapshot.mojo,369,ReadSnapshot.search_device_cosine_batch,Mojo,inventory_only,
94ff55f,src/akasha/api/snapshot.mojo,379,ReadSnapshot.search_dot_where_batch,Mojo,inventory_only,
94ff55f,src/akasha/api/snapshot.mojo,391,ReadSnapshot.search_l2_where_batch,Mojo,inventory_only,
94ff55f,src/akasha/api/snapshot.mojo,403,ReadSnapshot.search_cosine_where_batch,Mojo,inventory_only,
94ff55f,src/akasha/api/snapshot.mojo,415,ReadSnapshot.search_device_dot_where_batch,Mojo,inventory_only,
94ff55f,src/akasha/api/snapshot.mojo,426,ReadSnapshot.search_device_l2_where_batch,Mojo,inventory_only,
94ff55f,src/akasha/api/snapshot.mojo,437,ReadSnapshot.search_device_cosine_where_batch,Mojo,inventory_only,
94ff55f,src/akasha/api/snapshot.mojo,448,ReadSnapshot.search_dot_filtered,Mojo,inventory_only,
94ff55f,src/akasha/api/snapshot.mojo,456,ReadSnapshot.search_l2_filtered,Mojo,inventory_only,
94ff55f,src/akasha/api/snapshot.mojo,464,ReadSnapshot.search_cosine_filtered,Mojo,inventory_only,
94ff55f,src/akasha/api/snapshot.mojo,472,ReadSnapshot.search_dot_where,Mojo,inventory_only,
94ff55f,src/akasha/api/snapshot.mojo,480,ReadSnapshot.search_l2_where,Mojo,inventory_only,
94ff55f,src/akasha/api/snapshot.mojo,488,ReadSnapshot.search_cosine_where,Mojo,inventory_only,
94ff55f,src/akasha/api/snapshot.mojo,496,ReadSnapshot.search_dot_where_parallel,Mojo,inventory_only,
94ff55f,src/akasha/api/snapshot.mojo,508,ReadSnapshot.search_l2_where_parallel,Mojo,inventory_only,
94ff55f,src/akasha/api/snapshot.mojo,520,ReadSnapshot.search_cosine_where_parallel,Mojo,inventory_only,
94ff55f,src/akasha/api/snapshot.mojo,532,ReadSnapshot.search_sparse_dot,Mojo,inventory_only,
94ff55f,src/akasha/api/snapshot.mojo,538,ReadSnapshot.search_sparse_dot_where,Mojo,inventory_only,
94ff55f,src/akasha/api/snapshot.mojo,562,ReadSnapshot.search_hybrid_dot,Mojo,inventory_only,
94ff55f,src/akasha/api/snapshot.mojo,579,ReadSnapshot.search_hybrid_l2,Mojo,inventory_only,
94ff55f,src/akasha/api/snapshot.mojo,596,ReadSnapshot.search_hybrid_cosine,Mojo,inventory_only,
94ff55f,src/akasha/api/snapshot.mojo,613,ReadSnapshot.search_hybrid_dot_where,Mojo,inventory_only,
94ff55f,src/akasha/api/snapshot.mojo,632,ReadSnapshot.search_hybrid_l2_where,Mojo,inventory_only,
94ff55f,src/akasha/api/snapshot.mojo,651,ReadSnapshot.search_hybrid_cosine_where,Mojo,inventory_only,
94ff55f,src/akasha/api/snapshot.mojo,670,ReadSnapshot._search_filtered,Mojo,inventory_only,
94ff55f,src/akasha/api/snapshot.mojo,683,ReadSnapshot._search_sq8,Mojo,discussed_in_audit,L04;Z09
94ff55f,src/akasha/api/snapshot.mojo,713,ReadSnapshot._search_pq,Mojo,discussed_in_audit,L04;Z09
94ff55f,src/akasha/api/snapshot.mojo,755,ReadSnapshot._exact_rerank,Mojo,inventory_only,
94ff55f,src/akasha/api/snapshot.mojo,786,ReadSnapshot._search_where,Mojo,inventory_only,
94ff55f,src/akasha/api/snapshot.mojo,798,ReadSnapshot._search_controlled,Mojo,inventory_only,
94ff55f,src/akasha/api/snapshot.mojo,832,ReadSnapshot._search_parallel,Mojo,inventory_only,
94ff55f,src/akasha/api/snapshot.mojo,850,ReadSnapshot._search_where_parallel,Mojo,inventory_only,
94ff55f,src/akasha/api/snapshot.mojo,864,ReadSnapshot._search_where_batch,Mojo,inventory_only,
94ff55f,src/akasha/api/snapshot.mojo,889,ReadSnapshot._search_device_batch,Mojo,discussed_in_audit,Z08
94ff55f,src/akasha/api/snapshot.mojo,901,ReadSnapshot._search_device_where_batch,Mojo,discussed_in_audit,Z08
94ff55f,src/akasha/api/snapshot.mojo,921,ReadSnapshot._search_candidates,Mojo,inventory_only,
94ff55f,src/akasha/api/snapshot.mojo,952,ReadSnapshot._validate_query,Mojo,inventory_only,
94ff55f,src/akasha/api/snapshot.mojo,962,ReadSnapshot._validate_hybrid,Mojo,inventory_only,
94ff55f,src/akasha/api/snapshot.mojo,977,ReadSnapshot._search_hybrid,Mojo,inventory_only,
94ff55f,src/akasha/api/snapshot.mojo,996,ReadSnapshot._search_hybrid_where,Mojo,inventory_only,
94ff55f,src/akasha/api/snapshot.mojo,1018,ReadSnapshot._ensure_open,Mojo,inventory_only,
94ff55f,src/akasha/api/snapshot.mojo,1023,_build_metadata,Mojo,inventory_only,
94ff55f,src/akasha/common/config.mojo,22,MetricKind.__init__,Mojo,inventory_only,
94ff55f,src/akasha/common/config.mojo,26,MetricKind.dot,Mojo,inventory_only,
94ff55f,src/akasha/common/config.mojo,30,MetricKind.l2,Mojo,inventory_only,
94ff55f,src/akasha/common/config.mojo,34,MetricKind.cosine,Mojo,inventory_only,
94ff55f,src/akasha/common/config.mojo,38,MetricKind.from_tag,Mojo,inventory_only,
94ff55f,src/akasha/common/config.mojo,42,MetricKind.tag,Mojo,inventory_only,
94ff55f,src/akasha/common/config.mojo,45,MetricKind.is_valid,Mojo,inventory_only,
94ff55f,src/akasha/common/config.mojo,52,MetricKind.name,Mojo,inventory_only,
94ff55f,src/akasha/common/config.mojo,61,MetricKind.__eq__,Mojo,inventory_only,
94ff55f,src/akasha/common/config.mojo,70,ScalarKind.__init__,Mojo,inventory_only,
94ff55f,src/akasha/common/config.mojo,74,ScalarKind.f32,Mojo,inventory_only,
94ff55f,src/akasha/common/config.mojo,78,ScalarKind.bf16,Mojo,inventory_only,
94ff55f,src/akasha/common/config.mojo,82,ScalarKind.f16,Mojo,inventory_only,
94ff55f,src/akasha/common/config.mojo,86,ScalarKind.i8,Mojo,inventory_only,
94ff55f,src/akasha/common/config.mojo,90,ScalarKind.from_tag,Mojo,inventory_only,
94ff55f,src/akasha/common/config.mojo,94,ScalarKind.tag,Mojo,inventory_only,
94ff55f,src/akasha/common/config.mojo,97,ScalarKind.is_valid,Mojo,inventory_only,
94ff55f,src/akasha/common/config.mojo,105,ScalarKind.name,Mojo,inventory_only,
94ff55f,src/akasha/common/config.mojo,116,ScalarKind.__eq__,Mojo,inventory_only,
94ff55f,src/akasha/common/config.mojo,136,CollectionConfig.__init__,Mojo,inventory_only,
94ff55f,src/akasha/common/config.mojo,165,CollectionConfig.defaults,Mojo,inventory_only,
94ff55f,src/akasha/common/config.mojo,181,CollectionConfig.validate,Mojo,inventory_only,
94ff55f,src/akasha/common/config.mojo,245,CollectionConfig.metric_name,Mojo,inventory_only,
94ff55f,src/akasha/common/config.mojo,248,CollectionConfig.scalar_name,Mojo,inventory_only,
94ff55f,src/akasha/common/config.mojo,251,CollectionConfig.fingerprint,Mojo,discussed_in_audit,A18
94ff55f,src/akasha/common/config.mojo,277,CollectionConfig.__eq__,Mojo,inventory_only,
94ff55f,src/akasha/common/config.mojo,294,_mix_u8,Mojo,inventory_only,
94ff55f,src/akasha/common/config.mojo,298,_mix_u64,Mojo,inventory_only,
94ff55f,src/akasha/compute/dispatch.mojo,23,finish_distance,Mojo,inventory_only,
94ff55f,src/akasha/compute/dispatch.mojo,48,portable_simd_width,Mojo,inventory_only,
94ff55f,src/akasha/compute/dispatch.mojo,65,DistanceExecutionStats.__init__,Mojo,inventory_only,
94ff55f,src/akasha/compute/dispatch.mojo,93,DistanceDispatchCounters.__init__,Mojo,inventory_only,
94ff55f,src/akasha/compute/dispatch.mojo,98,DistanceDispatchCounters.selection_count,Mojo,inventory_only,
94ff55f,src/akasha/compute/dispatch.mojo,101,DistanceDispatchCounters.public_boundary_switch_count,Mojo,inventory_only,
94ff55f,src/akasha/compute/dispatch.mojo,104,DistanceDispatchCounters.hot_loop_selection_count,Mojo,inventory_only,
94ff55f,src/akasha/compute/dispatch.mojo,108,record_distance_dispatch,Mojo,inventory_only,
94ff55f,src/akasha/compute/dispatch.mojo,122,distance_backend_tag,Mojo,inventory_only,
94ff55f,src/akasha/compute/dispatch.mojo,162,DistanceBackend.__init__,Mojo,inventory_only,
94ff55f,src/akasha/compute/dispatch.mojo,170,DistanceBackend.tag,Mojo,inventory_only,
94ff55f,src/akasha/compute/dispatch.mojo,173,DistanceBackend.backend_name,Mojo,inventory_only,
94ff55f,src/akasha/compute/dispatch.mojo,176,DistanceBackend.metric_name,Mojo,inventory_only,
94ff55f,src/akasha/compute/dispatch.mojo,179,DistanceBackend.scalar_name,Mojo,inventory_only,
94ff55f,src/akasha/compute/dispatch.mojo,182,DistanceBackend.dimension,Mojo,inventory_only,
94ff55f,src/akasha/compute/dispatch.mojo,185,DistanceBackend.dispatcher,Mojo,inventory_only,
94ff55f,src/akasha/compute/dispatch.mojo,188,DistanceBackend.validate_identity,Mojo,inventory_only,
94ff55f,src/akasha/compute/dispatch.mojo,202,DistanceBackend.prepare_query,Mojo,inventory_only,
94ff55f,src/akasha/compute/dispatch.mojo,205,DistanceBackend.prepare_graph_vector,Mojo,inventory_only,
94ff55f,src/akasha/compute/dispatch.mojo,210,DistanceBackend.canonical_prepared,Mojo,inventory_only,
94ff55f,src/akasha/compute/dispatch.mojo,215,DistanceBackend.scalar_reference_prepared,Mojo,inventory_only,
94ff55f,src/akasha/compute/dispatch.mojo,247,select_distance_backend,Mojo,inventory_only,
94ff55f,src/akasha/compute/distance.mojo,4,_validate_pair,Mojo,inventory_only,
94ff55f,src/akasha/compute/distance.mojo,14,dot_product,Mojo,inventory_only,
94ff55f,src/akasha/compute/distance.mojo,24,l2_squared_distance,Mojo,inventory_only,
94ff55f,src/akasha/compute/distance.mojo,37,cosine_similarity,Mojo,inventory_only,
94ff55f,src/akasha/compute/gpu/flat_scan.mojo,36,DeviceBatchResult.__init__,Mojo,discussed_in_audit,A15;Z08
94ff55f,src/akasha/compute/gpu/flat_scan.mojo,50,DeviceBatchResult.take_results,Mojo,discussed_in_audit,A15;Z08
94ff55f,src/akasha/compute/gpu/flat_scan.mojo,57,_execution_stats,Mojo,discussed_in_audit,A15;Z08
94ff55f,src/akasha/compute/gpu/flat_scan.mojo,80,_candidate_execution_stats,Mojo,discussed_in_audit,A15;Z08
94ff55f,src/akasha/compute/gpu/flat_scan.mojo,97,_score_kernel,Mojo,discussed_in_audit,A15;Z08
94ff55f,src/akasha/compute/gpu/flat_scan.mojo,144,_topk_kernel,Mojo,discussed_in_audit,A15;Z08
94ff55f,src/akasha/compute/gpu/flat_scan.mojo,210,execute_device_batch,Mojo,discussed_in_audit,A15;Z08
94ff55f,src/akasha/compute/gpu/flat_scan.mojo,293,execute_device_candidate_batch,Mojo,discussed_in_audit,A15;Z08
94ff55f,src/akasha/compute/gpu/flat_scan.mojo,352,_cpu_fallback,Mojo,discussed_in_audit,A15;Z08
94ff55f,src/akasha/compute/gpu/flat_scan.mojo,370,_execute_gpu_batch,Mojo,discussed_in_audit,A15;Z08
94ff55f,src/akasha/compute/gpu/flat_scan.mojo,494,_validate_gpu_inputs,Mojo,discussed_in_audit,A15;Z08
94ff55f,src/akasha/compute/gpu/planner.mojo,10,GpuExecutionOptions.__init__,Mojo,inventory_only,
94ff55f,src/akasha/compute/gpu/planner.mojo,39,GpuPlan.__init__,Mojo,inventory_only,
94ff55f,src/akasha/compute/gpu/planner.mojo,54,plan_gpu_execution,Mojo,inventory_only,
94ff55f,src/akasha/compute/gpu/planner.mojo,131,_checked_mul,Mojo,inventory_only,
94ff55f,src/akasha/compute/gpu/planner.mojo,137,_checked_add,Mojo,inventory_only,
94ff55f,src/akasha/compute/metric.mojo,42,MetricDispatcher.__init__,Mojo,discussed_in_audit,A16
94ff55f,src/akasha/compute/metric.mojo,65,MetricDispatcher.dimension,Mojo,discussed_in_audit,A16
94ff55f,src/akasha/compute/metric.mojo,68,MetricDispatcher.metric_name,Mojo,discussed_in_audit,A16
94ff55f,src/akasha/compute/metric.mojo,71,MetricDispatcher.scalar_name,Mojo,discussed_in_audit,A16
94ff55f,src/akasha/compute/metric.mojo,74,MetricDispatcher.metric_kind,Mojo,discussed_in_audit,A16
94ff55f,src/akasha/compute/metric.mojo,77,MetricDispatcher.scalar_kind,Mojo,discussed_in_audit,A16
94ff55f,src/akasha/compute/metric.mojo,80,MetricDispatcher.matches_storage_identity,Mojo,discussed_in_audit,A16
94ff55f,src/akasha/compute/metric.mojo,90,MetricDispatcher.backend_name,Mojo,discussed_in_audit,A16
94ff55f,src/akasha/compute/metric.mojo,93,MetricDispatcher.validate_query,Mojo,discussed_in_audit,A16
94ff55f,src/akasha/compute/metric.mojo,98,MetricDispatcher.validate_vector,Mojo,discussed_in_audit,A16
94ff55f,src/akasha/compute/metric.mojo,103,MetricDispatcher.validate_prepared_vector,Mojo,discussed_in_audit,A16
94ff55f,src/akasha/compute/metric.mojo,108,MetricDispatcher.prepare_query,Mojo,discussed_in_audit,A16
94ff55f,src/akasha/compute/metric.mojo,113,MetricDispatcher.prepare_graph_vector,Mojo,discussed_in_audit,A16
94ff55f,src/akasha/compute/metric.mojo,120,MetricDispatcher.canonical,Mojo,discussed_in_audit,A16
94ff55f,src/akasha/compute/metric.mojo,148,MetricDispatcher.canonical_prepared,Mojo,discussed_in_audit,A16
94ff55f,src/akasha/compute/metric.mojo,159,MetricDispatcher._canonical_prepared_unchecked,Mojo,discussed_in_audit,A16
94ff55f,src/akasha/compute/metric.mojo,189,MetricDispatcher.public_score,Mojo,discussed_in_audit,A16
94ff55f,src/akasha/compute/metric.mojo,197,MetricDispatcher._finish_prepared_f32_accumulations,Mojo,discussed_in_audit,A16
94ff55f,src/akasha/compute/metric.mojo,207,MetricDispatcher.require_supported_backend,Mojo,discussed_in_audit,A16
94ff55f,src/akasha/compute/metric.mojo,212,MetricDispatcher._validate_values,Mojo,discussed_in_audit,A16
94ff55f,src/akasha/compute/metric.mojo,229,MetricDispatcher._require_nonzero_norm,Mojo,discussed_in_audit,A16
94ff55f,src/akasha/compute/metric.mojo,233,MetricDispatcher._validate_prepared_values,Mojo,discussed_in_audit,A16
94ff55f,src/akasha/compute/metric.mojo,284,MetricDispatcher._safe_component_limit,Mojo,discussed_in_audit,A16
94ff55f,src/akasha/compute/metric.mojo,294,MetricDispatcher._require_finite_distance,Mojo,discussed_in_audit,A16
94ff55f,src/akasha/compute/metric.mojo,299,MetricDispatcher._prepare_validated,Mojo,discussed_in_audit,A16
94ff55f,src/akasha/compute/metric.mojo,352,_stable_norm,Mojo,discussed_in_audit,A16
94ff55f,src/akasha/compute/metric.mojo,361,_stable_cosine_similarity,Mojo,discussed_in_audit,A16
94ff55f,src/akasha/compute/metric.mojo,378,_clamp_similarity_f64,Mojo,discussed_in_audit,A16
94ff55f,src/akasha/compute/metric.mojo,386,_clamp_similarity_f32,Mojo,discussed_in_audit,A16
94ff55f,src/akasha/compute/quantization.mojo,10,f32_accumulation_component_limit,Mojo,discussed_in_audit,A16
94ff55f,src/akasha/compute/quantization.mojo,18,validate_i8_decoded_component_bound,Mojo,discussed_in_audit,A16
94ff55f,src/akasha/compute/quantization.mojo,35,round_clamp_u8,Mojo,discussed_in_audit,A16
94ff55f,src/akasha/compute/quantization.mojo,46,encode_bf16,Mojo,discussed_in_audit,A16
94ff55f,src/akasha/compute/quantization.mojo,53,decode_bf16,Mojo,discussed_in_audit,A16
94ff55f,src/akasha/compute/quantization.mojo,60,encode_f16,Mojo,discussed_in_audit,A16
94ff55f,src/akasha/compute/quantization.mojo,71,decode_f16,Mojo,discussed_in_audit,A16
94ff55f,src/akasha/compute/quantization.mojo,78,symmetric_i8_scale,Mojo,discussed_in_audit,A16
94ff55f,src/akasha/compute/quantization.mojo,97,encode_symmetric_i8,Mojo,discussed_in_audit,A16
94ff55f,src/akasha/compute/quantization.mojo,115,decode_symmetric_i8,Mojo,discussed_in_audit,A16
94ff55f,src/akasha/compute/quantization.mojo,123,scaled_i8_accumulator,Mojo,discussed_in_audit,A16
94ff55f,src/akasha/compute/quantization.mojo,130,i8_dot_f32,Mojo,discussed_in_audit,A16
94ff55f,src/akasha/compute/quantization.mojo,174,normalize_for_cosine_i8,Mojo,discussed_in_audit,A16
94ff55f,src/akasha/compute/simd.mojo,9,_dot_kernel,Mojo,discussed_in_audit,A16
94ff55f,src/akasha/compute/simd.mojo,28,_l2_kernel,Mojo,discussed_in_audit,A16
94ff55f,src/akasha/compute/simd.mojo,49,simd_dot_product,Mojo,discussed_in_audit,A16
94ff55f,src/akasha/compute/simd.mojo,55,_simd_dot_product_unchecked,Mojo,discussed_in_audit,A16
94ff55f,src/akasha/compute/simd.mojo,65,simd_l2_squared_distance,Mojo,discussed_in_audit,A16
94ff55f,src/akasha/compute/simd.mojo,73,_simd_l2_squared_unchecked,Mojo,discussed_in_audit,A16
94ff55f,src/akasha/compute/simd.mojo,83,simd_cosine_similarity,Mojo,discussed_in_audit,A16
94ff55f,src/akasha/compute/simd.mojo,97,prevalidated_simd_dot_product,Mojo,discussed_in_audit,A16
94ff55f,src/akasha/compute/simd.mojo,104,prevalidated_simd_l2_squared_distance,Mojo,discussed_in_audit,A16
94ff55f,src/akasha/compute/simd.mojo,111,prevalidated_simd_cosine_similarity,Mojo,discussed_in_audit,A16
94ff55f,src/akasha/compute/topk.mojo,7,TopKEntry.__init__,Mojo,discussed_in_audit,A04
94ff55f,src/akasha/compute/topk.mojo,12,_is_better,Mojo,discussed_in_audit,A04
94ff55f,src/akasha/compute/topk.mojo,20,_is_worse,Mojo,discussed_in_audit,A04
94ff55f,src/akasha/compute/topk.mojo,31,BoundedTopK.__init__,Mojo,discussed_in_audit,A04
94ff55f,src/akasha/compute/topk.mojo,38,BoundedTopK.offer,Mojo,discussed_in_audit,A04
94ff55f,src/akasha/compute/topk.mojo,50,BoundedTopK.sorted_entries,Mojo,discussed_in_audit,A04
94ff55f,src/akasha/compute/topk.mojo,68,BoundedTopK._sift_up,Mojo,discussed_in_audit,A04
94ff55f,src/akasha/compute/topk.mojo,79,BoundedTopK._sift_down,Mojo,discussed_in_audit,A04
94ff55f,src/akasha/document/codec.mojo,14,encode_payload,Mojo,discussed_in_audit,A12
94ff55f,src/akasha/document/codec.mojo,56,decode_payload,Mojo,discussed_in_audit,A12
94ff55f,src/akasha/document/record.mojo,10,DocumentField.__init__,Mojo,inventory_only,
94ff55f,src/akasha/document/record.mojo,15,DocumentField.clone,Mojo,inventory_only,
94ff55f,src/akasha/document/record.mojo,27,DocumentRecord.__init__,Mojo,inventory_only,
94ff55f,src/akasha/document/record.mojo,40,DocumentRecord.get_field,Mojo,inventory_only,
94ff55f,src/akasha/document/record.mojo,46,DocumentRecord.clone,Mojo,discussed_in_audit,A05;Z05
94ff55f,src/akasha/document/record.mojo,61,FieldProjection.__init__,Mojo,inventory_only,
94ff55f,src/akasha/document/record.mojo,79,FieldProjection.all,Mojo,inventory_only,
94ff55f,src/akasha/document/record.mojo,84,FieldProjection.named,Mojo,inventory_only,
94ff55f,src/akasha/document/record.mojo,90,FieldProjection.metadata_only,Mojo,inventory_only,
94ff55f,src/akasha/document/record.mojo,94,FieldProjection.includes_field,Mojo,inventory_only,
94ff55f,src/akasha/document/record.mojo,103,project_document,Mojo,inventory_only,
94ff55f,src/akasha/document/record.mojo,116,clone_fields,Mojo,inventory_only,
94ff55f,src/akasha/document/record.mojo,123,validate_fields,Mojo,inventory_only,
94ff55f,src/akasha/document/record.mojo,131,validate_field_name,Mojo,inventory_only,
94ff55f,src/akasha/document/value.mojo,19,PayloadValue.__init__,Mojo,inventory_only,
94ff55f,src/akasha/document/value.mojo,34,PayloadValue.string,Mojo,inventory_only,
94ff55f,src/akasha/document/value.mojo,38,PayloadValue.integer,Mojo,inventory_only,
94ff55f,src/akasha/document/value.mojo,42,PayloadValue.floating,Mojo,inventory_only,
94ff55f,src/akasha/document/value.mojo,48,PayloadValue.boolean,Mojo,inventory_only,
94ff55f,src/akasha/document/value.mojo,51,PayloadValue.kind,Mojo,inventory_only,
94ff55f,src/akasha/document/value.mojo,54,PayloadValue.is_string,Mojo,inventory_only,
94ff55f,src/akasha/document/value.mojo,57,PayloadValue.is_integer,Mojo,inventory_only,
94ff55f,src/akasha/document/value.mojo,60,PayloadValue.is_floating,Mojo,inventory_only,
94ff55f,src/akasha/document/value.mojo,63,PayloadValue.is_boolean,Mojo,inventory_only,
94ff55f,src/akasha/document/value.mojo,66,PayloadValue.as_string,Mojo,inventory_only,
94ff55f,src/akasha/document/value.mojo,71,PayloadValue.as_int,Mojo,inventory_only,
94ff55f,src/akasha/document/value.mojo,76,PayloadValue.as_float,Mojo,inventory_only,
94ff55f,src/akasha/document/value.mojo,81,PayloadValue.as_bool,Mojo,inventory_only,
94ff55f,src/akasha/document/value.mojo,86,PayloadValue.clone,Mojo,inventory_only,
94ff55f,src/akasha/index/bitmap.mojo,8,Bitmap.__init__,Mojo,discussed_in_audit,A11
94ff55f,src/akasha/index/bitmap.mojo,16,Bitmap.full,Mojo,discussed_in_audit,A11
94ff55f,src/akasha/index/bitmap.mojo,24,Bitmap.size,Mojo,discussed_in_audit,A11
94ff55f,src/akasha/index/bitmap.mojo,27,Bitmap.count,Mojo,discussed_in_audit,A11
94ff55f,src/akasha/index/bitmap.mojo,30,Bitmap.resize,Mojo,discussed_in_audit,A11
94ff55f,src/akasha/index/bitmap.mojo,38,Bitmap.set,Mojo,discussed_in_audit,A11
94ff55f,src/akasha/index/bitmap.mojo,46,Bitmap.clear,Mojo,discussed_in_audit,A11
94ff55f,src/akasha/index/bitmap.mojo,54,Bitmap.contains,Mojo,discussed_in_audit,A11
94ff55f,src/akasha/index/bitmap.mojo,60,Bitmap.clone,Mojo,discussed_in_audit,A11
94ff55f,src/akasha/index/bitmap.mojo,66,Bitmap.set_ordinals,Mojo,discussed_in_audit,A02;A11
94ff55f,src/akasha/index/bitmap.mojo,82,Bitmap.intersection,Mojo,discussed_in_audit,A11
94ff55f,src/akasha/index/bitmap.mojo,91,Bitmap.union_with,Mojo,discussed_in_audit,A11
94ff55f,src/akasha/index/bitmap.mojo,101,Bitmap.difference,Mojo,discussed_in_audit,A11
94ff55f,src/akasha/index/bitmap.mojo,111,Bitmap._validate_index,Mojo,discussed_in_audit,A11
94ff55f,src/akasha/index/bitmap.mojo,115,Bitmap._validate_compatible,Mojo,discussed_in_audit,A11
94ff55f,src/akasha/index/bitmap.mojo,119,Bitmap._mask_unused_tail,Mojo,discussed_in_audit,A11
94ff55f,src/akasha/index/bitmap.mojo,126,Bitmap._recount_words,Mojo,discussed_in_audit,A11
94ff55f,src/akasha/index/bitmap.mojo,132,_word_count,Mojo,discussed_in_audit,A11
94ff55f,src/akasha/index/bitmap.mojo,136,_popcount,Mojo,discussed_in_audit,A01;A11
94ff55f,src/akasha/index/flat.mojo,20,SearchResult.__init__,Mojo,inventory_only,
94ff55f,src/akasha/index/flat.mojo,29,_VectorRecord.__init__,Mojo,inventory_only,
94ff55f,src/akasha/index/flat.mojo,34,authoritative_f32_score,Mojo,inventory_only,
94ff55f,src/akasha/index/flat.mojo,51,FlatIndex.__init__,Mojo,inventory_only,
94ff55f,src/akasha/index/flat.mojo,57,FlatIndex.add,Mojo,inventory_only,
94ff55f,src/akasha/index/flat.mojo,63,FlatIndex.search_dot,Mojo,inventory_only,
94ff55f,src/akasha/index/flat.mojo,69,FlatIndex.search_l2,Mojo,inventory_only,
94ff55f,src/akasha/index/flat.mojo,75,FlatIndex.search_cosine,Mojo,inventory_only,
94ff55f,src/akasha/index/flat.mojo,81,FlatIndex._search,Mojo,inventory_only,
94ff55f,src/akasha/index/hnsw.mojo,53,_legacy_config,Mojo,inventory_only,
94ff55f,src/akasha/index/hnsw.mojo,74,_copy_build_stats,Mojo,discussed_in_audit,A17
94ff55f,src/akasha/index/hnsw.mojo,85,_copy_search_stats,Mojo,discussed_in_audit,A17
94ff55f,src/akasha/index/hnsw.mojo,139,HnswIndex.__init__,Mojo,inventory_only,
94ff55f,src/akasha/index/hnsw.mojo,171,HnswIndex.__init__,Mojo,inventory_only,
94ff55f,src/akasha/index/hnsw.mojo,205,HnswIndex.__init__,Mojo,inventory_only,
94ff55f,src/akasha/index/hnsw.mojo,234,HnswIndex.point_count,Mojo,inventory_only,
94ff55f,src/akasha/index/hnsw.mojo,237,HnswIndex.inactive_count,Mojo,inventory_only,
94ff55f,src/akasha/index/hnsw.mojo,240,HnswIndex.needs_rebuild,Mojo,inventory_only,
94ff55f,src/akasha/index/hnsw.mojo,255,HnswIndex.entry_point_level,Mojo,inventory_only,
94ff55f,src/akasha/index/hnsw.mojo,258,HnswIndex.entry_point_id,Mojo,inventory_only,
94ff55f,src/akasha/index/hnsw.mojo,263,HnswIndex.maximum_neighbor_count,Mojo,inventory_only,
94ff55f,src/akasha/index/hnsw.mojo,280,HnswIndex.maximum_upper_neighbor_count,Mojo,inventory_only,
94ff55f,src/akasha/index/hnsw.mojo,290,HnswIndex.build_slot_count,Mojo,inventory_only,
94ff55f,src/akasha/index/hnsw.mojo,293,HnswIndex.build_distance_evaluations,Mojo,inventory_only,
94ff55f,src/akasha/index/hnsw.mojo,296,HnswIndex.last_search_distance_evaluations,Mojo,inventory_only,
94ff55f,src/akasha/index/hnsw.mojo,299,HnswIndex.last_search_visited,Mojo,inventory_only,
94ff55f,src/akasha/index/hnsw.mojo,305,HnswIndex.last_search_effective_ef,Mojo,inventory_only,
94ff55f,src/akasha/index/hnsw.mojo,308,HnswIndex.last_search_query_preparations,Mojo,inventory_only,
94ff55f,src/akasha/index/hnsw.mojo,311,HnswIndex.last_search_upper_descents,Mojo,inventory_only,
94ff55f,src/akasha/index/hnsw.mojo,314,HnswIndex.distance_backend_selection_count,Mojo,inventory_only,
94ff55f,src/akasha/index/hnsw.mojo,317,HnswIndex.distance_backend_public_switch_count,Mojo,inventory_only,
94ff55f,src/akasha/index/hnsw.mojo,320,HnswIndex.distance_backend_hot_loop_selection_count,Mojo,inventory_only,
94ff55f,src/akasha/index/hnsw.mojo,323,HnswIndex._bind_distance_backend,Mojo,inventory_only,
94ff55f,src/akasha/index/hnsw.mojo,329,HnswIndex._validate_bound_identity,Mojo,inventory_only,
94ff55f,src/akasha/index/hnsw.mojo,354,HnswIndex.validate_structure,Mojo,inventory_only,
94ff55f,src/akasha/index/hnsw.mojo,388,HnswIndex.add,Mojo,inventory_only,
94ff55f,src/akasha/index/hnsw.mojo,416,HnswIndex._add_backend,Mojo,inventory_only,
94ff55f,src/akasha/index/hnsw.mojo,437,HnswIndex.upsert,Mojo,inventory_only,
94ff55f,src/akasha/index/hnsw.mojo,466,HnswIndex._upsert_backend,Mojo,inventory_only,
94ff55f,src/akasha/index/hnsw.mojo,505,HnswIndex.delete,Mojo,inventory_only,
94ff55f,src/akasha/index/hnsw.mojo,520,HnswIndex._active_count,Mojo,inventory_only,
94ff55f,src/akasha/index/hnsw.mojo,523,HnswIndex._insert_prepared,Mojo,inventory_only,
94ff55f,src/akasha/index/hnsw.mojo,620,HnswIndex.search,Mojo,inventory_only,
94ff55f,src/akasha/index/hnsw.mojo,633,HnswIndex.search_allowed,Mojo,inventory_only,
94ff55f,src/akasha/index/hnsw.mojo,643,HnswIndex.next_widened_ef,Mojo,inventory_only,
94ff55f,src/akasha/index/hnsw.mojo,647,HnswIndex.search_allowed_with_widening,Mojo,inventory_only,
94ff55f,src/akasha/index/hnsw.mojo,660,HnswIndex.search_allowed_with_widening,Mojo,inventory_only,
94ff55f,src/akasha/index/hnsw.mojo,679,HnswIndex.search_allowed_candidates_with_widening,Mojo,inventory_only,
94ff55f,src/akasha/index/hnsw.mojo,692,HnswIndex._search_allowed_with_actual_widening,Mojo,inventory_only,
94ff55f,src/akasha/index/hnsw.mojo,714,HnswIndex._search_admitted_candidates_with_widening,Mojo,inventory_only,
94ff55f,src/akasha/index/hnsw.mojo,736,HnswIndex._search_admitted_prepared_candidates_with_widening,Mojo,inventory_only,
94ff55f,src/akasha/index/hnsw.mojo,796,HnswIndex._search_admitted_prepared_backend,Mojo,inventory_only,
94ff55f,src/akasha/index/hnsw.mojo,835,HnswIndex._search_admitted_with_actual_widening,Mojo,inventory_only,
94ff55f,src/akasha/index/hnsw.mojo,980,HnswIndex._search_admitted_backend,Mojo,inventory_only,
94ff55f,src/akasha/index/hnsw.mojo,1021,HnswIndex.search_dot,Mojo,inventory_only,
94ff55f,src/akasha/index/hnsw.mojo,1028,HnswIndex.search_l2,Mojo,inventory_only,
94ff55f,src/akasha/index/hnsw.mojo,1035,HnswIndex.search_cosine,Mojo,inventory_only,
94ff55f,src/akasha/index/hnsw.mojo,1042,HnswIndex._require_metric,Mojo,inventory_only,
94ff55f,src/akasha/index/hnsw.mojo,1054,HnswIndex._new_search_stats,Mojo,inventory_only,
94ff55f,src/akasha/index/hnsw.mojo,1068,HnswIndex._search_base_prepared,Mojo,inventory_only,
94ff55f,src/akasha/index/hnsw.mojo,1107,HnswIndex._search_bound,Mojo,inventory_only,
94ff55f,src/akasha/index/hnsw.mojo,1165,HnswIndex._search_bound_backend,Mojo,inventory_only,
94ff55f,src/akasha/index/hnsw.mojo,1242,HnswIndex.encode_cache_payload,Mojo,inventory_only,
94ff55f,src/akasha/index/hnsw.mojo,1315,HnswIndex.decode_cache_payload,Mojo,inventory_only,
94ff55f,src/akasha/index/hnsw.mojo,1323,HnswIndex.decode_cache_payload_with_config,Mojo,inventory_only,
94ff55f,src/akasha/index/hnsw.mojo,1358,_CachePreflight.__init__,Mojo,inventory_only,
94ff55f,src/akasha/index/hnsw.mojo,1374,_checked_add_u64,Mojo,inventory_only,
94ff55f,src/akasha/index/hnsw.mojo,1380,_checked_mul_u64,Mojo,inventory_only,
94ff55f,src/akasha/index/hnsw.mojo,1386,_validate_cache_allocation,Mojo,inventory_only,
94ff55f,src/akasha/index/hnsw.mojo,1420,_preflight_cache,Mojo,inventory_only,
94ff55f,src/akasha/index/hnsw.mojo,1528,_materialize_cache,Mojo,inventory_only,
94ff55f,src/akasha/index/hnsw_core.mojo,33,HnswGreedyResult.__init__,Mojo,inventory_only,
94ff55f,src/akasha/index/hnsw_core.mojo,41,HnswResultAdmission.is_allow_all,Mojo,inventory_only,
94ff55f,src/akasha/index/hnsw_core.mojo,44,HnswResultAdmission.validate,Mojo,inventory_only,
94ff55f,src/akasha/index/hnsw_core.mojo,47,HnswResultAdmission._allows_item,Mojo,inventory_only,
94ff55f,src/akasha/index/hnsw_core.mojo,58,_HnswIdOrdinalState.__init__,Mojo,inventory_only,
94ff55f,src/akasha/index/hnsw_core.mojo,78,HnswIdOrdinalLookup.__init__,Mojo,inventory_only,
94ff55f,src/akasha/index/hnsw_core.mojo,103,HnswIdOrdinalLookup.entry_count,Mojo,inventory_only,
94ff55f,src/akasha/index/hnsw_core.mojo,106,HnswIdOrdinalLookup.construction_scanned_entries,Mojo,inventory_only,
94ff55f,src/akasha/index/hnsw_core.mojo,109,HnswIdOrdinalLookup.validation_scratch_bytes,Mojo,inventory_only,
94ff55f,src/akasha/index/hnsw_core.mojo,113,HnswIdOrdinalLookup.incremental_append_count,Mojo,inventory_only,
94ff55f,src/akasha/index/hnsw_core.mojo,116,HnswIdOrdinalLookup.append,Mojo,inventory_only,
94ff55f,src/akasha/index/hnsw_core.mojo,129,HnswIdOrdinalLookup.ordinal_for,Mojo,inventory_only,
94ff55f,src/akasha/index/hnsw_core.mojo,139,_HnswEligibilityState.__init__,Mojo,inventory_only,
94ff55f,src/akasha/index/hnsw_core.mojo,159,HnswEligibility.__init__,Mojo,inventory_only,
94ff55f,src/akasha/index/hnsw_core.mojo,170,HnswEligibility.is_allow_all,Mojo,inventory_only,
94ff55f,src/akasha/index/hnsw_core.mojo,173,HnswEligibility.validate,Mojo,inventory_only,
94ff55f,src/akasha/index/hnsw_core.mojo,182,HnswEligibility.setup_scanned_entries,Mojo,inventory_only,
94ff55f,src/akasha/index/hnsw_core.mojo,185,HnswEligibility.eligible_count,Mojo,inventory_only,
94ff55f,src/akasha/index/hnsw_core.mojo,189,HnswEligibility.allows,Mojo,inventory_only,
94ff55f,src/akasha/index/hnsw_core.mojo,196,HnswEligibility._allows_item,Mojo,inventory_only,
94ff55f,src/akasha/index/hnsw_core.mojo,206,HnswSearchAdmission.__init__,Mojo,inventory_only,
94ff55f,src/akasha/index/hnsw_core.mojo,210,HnswSearchAdmission.__init__,Mojo,inventory_only,
94ff55f,src/akasha/index/hnsw_core.mojo,214,HnswSearchAdmission.is_allow_all,Mojo,inventory_only,
94ff55f,src/akasha/index/hnsw_core.mojo,217,HnswSearchAdmission.validate,Mojo,inventory_only,
94ff55f,src/akasha/index/hnsw_core.mojo,223,HnswSearchAdmission.allows,Mojo,inventory_only,
94ff55f,src/akasha/index/hnsw_core.mojo,228,HnswSearchAdmission._allows_item,Mojo,inventory_only,
94ff55f,src/akasha/index/hnsw_core.mojo,238,HnswValidationStats.__init__,Mojo,inventory_only,
94ff55f,src/akasha/index/hnsw_core.mojo,251,HnswWideningOutcome.__init__,Mojo,inventory_only,
94ff55f,src/akasha/index/hnsw_core.mojo,263,HnswWideningOutcome.take_results,Mojo,inventory_only,
94ff55f,src/akasha/index/hnsw_core.mojo,268,HnswWideningOutcome.take_stats,Mojo,inventory_only,
94ff55f,src/akasha/index/hnsw_core.mojo,274,_search_item_better,Mojo,inventory_only,
94ff55f,src/akasha/index/hnsw_core.mojo,283,_select_neighbors_heuristic,Mojo,inventory_only,
94ff55f,src/akasha/index/hnsw_core.mojo,466,select_neighbors_heuristic,Mojo,inventory_only,
94ff55f,src/akasha/index/hnsw_core.mojo,490,_slot_in_list,Mojo,inventory_only,
94ff55f,src/akasha/index/hnsw_core.mojo,497,_adjacency_with_candidate,Mojo,inventory_only,
94ff55f,src/akasha/index/hnsw_core.mojo,546,_copy_adjacency,Mojo,inventory_only,
94ff55f,src/akasha/index/hnsw_core.mojo,556,_removed_neighbors,Mojo,inventory_only,
94ff55f,src/akasha/index/hnsw_core.mojo,572,_validate_link_level,Mojo,inventory_only,
94ff55f,src/akasha/index/hnsw_core.mojo,586,_audit_bidirectional_links_with_stats,Mojo,inventory_only,
94ff55f,src/akasha/index/hnsw_core.mojo,647,validate_bidirectional_links_with_stats,Mojo,inventory_only,
94ff55f,src/akasha/index/hnsw_core.mojo,655,_audit_bidirectional_links,Mojo,inventory_only,
94ff55f,src/akasha/index/hnsw_core.mojo,663,validate_bidirectional_links,Mojo,inventory_only,
94ff55f,src/akasha/index/hnsw_core.mojo,671,connect_bidirectional,Mojo,inventory_only,
94ff55f,src/akasha/index/hnsw_core.mojo,791,_validate_search_boundary,Mojo,inventory_only,
94ff55f,src/akasha/index/hnsw_core.mojo,830,greedy_descent,Mojo,inventory_only,
94ff55f,src/akasha/index/hnsw_core.mojo,908,_consider_result_admission,Mojo,inventory_only,
94ff55f,src/akasha/index/hnsw_core.mojo,927,search_layer,Mojo,inventory_only,
94ff55f,src/akasha/index/hnsw_core.mojo,1051,_next_widened_ef,Mojo,inventory_only,
94ff55f,src/akasha/index/hnsw_core.mojo,1060,search_allowed_with_widening_core,Mojo,inventory_only,
94ff55f,src/akasha/index/hnsw_core.mojo,1115,search_prepared_allowed_with_widening_core,Mojo,inventory_only,
94ff55f,src/akasha/index/hnsw_heap.mojo,8,HnswHeapItem.__init__,Mojo,discussed_in_audit,A04
94ff55f,src/akasha/index/hnsw_heap.mojo,14,_is_better,Mojo,discussed_in_audit,A04
94ff55f,src/akasha/index/hnsw_heap.mojo,23,_is_worse,Mojo,discussed_in_audit,A04
94ff55f,src/akasha/index/hnsw_heap.mojo,33,CandidateMinHeap.__init__,Mojo,discussed_in_audit,A04
94ff55f,src/akasha/index/hnsw_heap.mojo,36,CandidateMinHeap.__len__,Mojo,discussed_in_audit,A04
94ff55f,src/akasha/index/hnsw_heap.mojo,39,CandidateMinHeap.is_empty,Mojo,discussed_in_audit,A04
94ff55f,src/akasha/index/hnsw_heap.mojo,42,CandidateMinHeap.clear,Mojo,discussed_in_audit,A04
94ff55f,src/akasha/index/hnsw_heap.mojo,45,CandidateMinHeap.reserve,Mojo,discussed_in_audit,A04
94ff55f,src/akasha/index/hnsw_heap.mojo,50,CandidateMinHeap.peek,Mojo,discussed_in_audit,A04
94ff55f,src/akasha/index/hnsw_heap.mojo,55,CandidateMinHeap.push,Mojo,discussed_in_audit,A04
94ff55f,src/akasha/index/hnsw_heap.mojo,59,CandidateMinHeap.pop,Mojo,discussed_in_audit,A04
94ff55f,src/akasha/index/hnsw_heap.mojo,70,CandidateMinHeap._sift_up,Mojo,discussed_in_audit,A04
94ff55f,src/akasha/index/hnsw_heap.mojo,79,CandidateMinHeap._sift_down,Mojo,discussed_in_audit,A04
94ff55f,src/akasha/index/hnsw_heap.mojo,108,ResultMaxHeap.__init__,Mojo,discussed_in_audit,A04
94ff55f,src/akasha/index/hnsw_heap.mojo,111,ResultMaxHeap.__len__,Mojo,discussed_in_audit,A04
94ff55f,src/akasha/index/hnsw_heap.mojo,114,ResultMaxHeap.is_empty,Mojo,discussed_in_audit,A04
94ff55f,src/akasha/index/hnsw_heap.mojo,117,ResultMaxHeap.capacity,Mojo,discussed_in_audit,A04
94ff55f,src/akasha/index/hnsw_heap.mojo,120,ResultMaxHeap.clear,Mojo,discussed_in_audit,A04
94ff55f,src/akasha/index/hnsw_heap.mojo,123,ResultMaxHeap.reserve,Mojo,discussed_in_audit,A04
94ff55f,src/akasha/index/hnsw_heap.mojo,128,ResultMaxHeap.peek_worst,Mojo,discussed_in_audit,A04
94ff55f,src/akasha/index/hnsw_heap.mojo,133,ResultMaxHeap.offer,Mojo,discussed_in_audit,A04
94ff55f,src/akasha/index/hnsw_heap.mojo,150,ResultMaxHeap.pop_worst,Mojo,discussed_in_audit,A04
94ff55f,src/akasha/index/hnsw_heap.mojo,161,ResultMaxHeap.take_sorted_best,Mojo,discussed_in_audit,A04
94ff55f,src/akasha/index/hnsw_heap.mojo,174,ResultMaxHeap._sift_up,Mojo,discussed_in_audit,A04
94ff55f,src/akasha/index/hnsw_heap.mojo,183,ResultMaxHeap._sift_down,Mojo,discussed_in_audit,A04
94ff55f,src/akasha/index/hnsw_level.mojo,13,splitmix64,Mojo,discussed_in_audit,A18
94ff55f,src/akasha/index/hnsw_level.mojo,21,_id_bits,Mojo,discussed_in_audit,A18
94ff55f,src/akasha/index/hnsw_level.mojo,26,_uniform_open01_from_hash,Mojo,discussed_in_audit,A18
94ff55f,src/akasha/index/hnsw_level.mojo,39,_sample_level_from_hash,Mojo,discussed_in_audit,A18
94ff55f,src/akasha/index/hnsw_level.mojo,66,sample_level,Mojo,discussed_in_audit,A18
94ff55f,src/akasha/index/hnsw_scratch.mojo,20,HnswSearchScratch.__init__,Mojo,inventory_only,
94ff55f,src/akasha/index/hnsw_scratch.mojo,28,HnswSearchScratch.begin,Mojo,inventory_only,
94ff55f,src/akasha/index/hnsw_scratch.mojo,57,HnswSearchScratch.filtered_result_reserved_capacity,Mojo,inventory_only,
94ff55f,src/akasha/index/hnsw_scratch.mojo,61,HnswSearchScratch.result_reserved_capacity,Mojo,inventory_only,
94ff55f,src/akasha/index/hnsw_scratch.mojo,65,HnswSearchScratch._ensure_slot_count,Mojo,inventory_only,
94ff55f,src/akasha/index/hnsw_scratch.mojo,76,HnswSearchScratch.visit,Mojo,inventory_only,
94ff55f,src/akasha/index/hnsw_scratch.mojo,88,HnswSearchScratch._force_epoch_for_test,Mojo,inventory_only,
94ff55f,src/akasha/index/hnsw_scratch.mojo,92,HnswSearchScratch._reset_wrapped_epochs,Mojo,inventory_only,
94ff55f,src/akasha/index/hnsw_stats.mojo,22,HnswSearchStats.__init__,Mojo,inventory_only,
94ff55f,src/akasha/index/hnsw_stats.mojo,41,HnswSearchStats.reset,Mojo,inventory_only,
94ff55f,src/akasha/index/hnsw_stats.mojo,71,HnswBuildStats.__init__,Mojo,inventory_only,
94ff55f,src/akasha/index/hnsw_stats.mojo,79,HnswBuildStats.active_slots,Mojo,inventory_only,
94ff55f,src/akasha/index/hnsw_stats.mojo,82,HnswBuildStats.reset,Mojo,inventory_only,
94ff55f,src/akasha/index/hnsw_storage.mojo,46,HnswGraphAccess.validate_search_ready,Mojo,inventory_only,
94ff55f,src/akasha/index/hnsw_storage.mojo,49,HnswGraphAccess.validate_structure,Mojo,inventory_only,
94ff55f,src/akasha/index/hnsw_storage.mojo,52,HnswGraphAccess.slot_count,Mojo,inventory_only,
94ff55f,src/akasha/index/hnsw_storage.mojo,55,HnswGraphAccess.graph_dimension,Mojo,inventory_only,
94ff55f,src/akasha/index/hnsw_storage.mojo,58,HnswGraphAccess.graph_m,Mojo,inventory_only,
94ff55f,src/akasha/index/hnsw_storage.mojo,61,HnswGraphAccess.graph_m0,Mojo,inventory_only,
94ff55f,src/akasha/index/hnsw_storage.mojo,64,HnswGraphAccess.id_at,Mojo,inventory_only,
94ff55f,src/akasha/index/hnsw_storage.mojo,67,HnswGraphAccess.level,Mojo,inventory_only,
94ff55f,src/akasha/index/hnsw_storage.mojo,70,HnswGraphAccess.is_current,Mojo,inventory_only,
94ff55f,src/akasha/index/hnsw_storage.mojo,73,HnswGraphAccess.distance_to_slot,Mojo,inventory_only,
94ff55f,src/akasha/index/hnsw_storage.mojo,81,HnswGraphAccess._distance_to_slot_backend,Mojo,inventory_only,
94ff55f,src/akasha/index/hnsw_storage.mojo,91,HnswGraphAccess.neighbor_count,Mojo,inventory_only,
94ff55f,src/akasha/index/hnsw_storage.mojo,94,HnswGraphAccess.neighbor_at,Mojo,inventory_only,
94ff55f,src/akasha/index/hnsw_storage.mojo,100,_validate_append_slot_count,Mojo,inventory_only,
94ff55f,src/akasha/index/hnsw_storage.mojo,147,HnswStorage.__init__,Mojo,inventory_only,
94ff55f,src/akasha/index/hnsw_storage.mojo,191,HnswStorage.is_valid,Mojo,inventory_only,
94ff55f,src/akasha/index/hnsw_storage.mojo,195,HnswStorage.validate_search_ready,Mojo,inventory_only,
94ff55f,src/akasha/index/hnsw_storage.mojo,199,HnswStorage.graph_dimension,Mojo,inventory_only,
94ff55f,src/akasha/index/hnsw_storage.mojo,202,HnswStorage.graph_m,Mojo,inventory_only,
94ff55f,src/akasha/index/hnsw_storage.mojo,205,HnswStorage.graph_m0,Mojo,inventory_only,
94ff55f,src/akasha/index/hnsw_storage.mojo,208,HnswStorage.mark_invalid,Mojo,inventory_only,
94ff55f,src/akasha/index/hnsw_storage.mojo,212,HnswStorage.slot_count,Mojo,inventory_only,
94ff55f,src/akasha/index/hnsw_storage.mojo,215,HnswStorage.append,Mojo,inventory_only,
94ff55f,src/akasha/index/hnsw_storage.mojo,230,HnswStorage._append_unpublished,Mojo,inventory_only,
94ff55f,src/akasha/index/hnsw_storage.mojo,327,HnswStorage._publish_current,Mojo,inventory_only,
94ff55f,src/akasha/index/hnsw_storage.mojo,336,HnswStorage.current_slot,Mojo,inventory_only,
94ff55f,src/akasha/index/hnsw_storage.mojo,350,HnswStorage.mark_replaced,Mojo,inventory_only,
94ff55f,src/akasha/index/hnsw_storage.mojo,361,HnswStorage.mark_deleted,Mojo,inventory_only,
94ff55f,src/akasha/index/hnsw_storage.mojo,374,HnswStorage.is_current,Mojo,inventory_only,
94ff55f,src/akasha/index/hnsw_storage.mojo,380,HnswStorage.is_deleted,Mojo,inventory_only,
94ff55f,src/akasha/index/hnsw_storage.mojo,386,HnswStorage.is_replaced,Mojo,inventory_only,
94ff55f,src/akasha/index/hnsw_storage.mojo,392,HnswStorage.id_at,Mojo,inventory_only,
94ff55f,src/akasha/index/hnsw_storage.mojo,396,HnswStorage.level,Mojo,inventory_only,
94ff55f,src/akasha/index/hnsw_storage.mojo,400,HnswStorage.vector_offset,Mojo,inventory_only,
94ff55f,src/akasha/index/hnsw_storage.mojo,403,HnswStorage.vector_value,Mojo,inventory_only,
94ff55f,src/akasha/index/hnsw_storage.mojo,429,HnswStorage.distance_to_slot,Mojo,inventory_only,
94ff55f,src/akasha/index/hnsw_storage.mojo,454,HnswStorage.distance_between,Mojo,inventory_only,
94ff55f,src/akasha/index/hnsw_storage.mojo,510,HnswStorage._distance_to_slot_backend,Mojo,inventory_only,
94ff55f,src/akasha/index/hnsw_storage.mojo,646,HnswStorage._distance_between_backend,Mojo,inventory_only,
94ff55f,src/akasha/index/hnsw_storage.mojo,831,HnswStorage.level_capacity,Mojo,inventory_only,
94ff55f,src/akasha/index/hnsw_storage.mojo,837,HnswStorage.allocated_neighbor_slot_count,Mojo,inventory_only,
94ff55f,src/akasha/index/hnsw_storage.mojo,840,HnswStorage.neighbor_count,Mojo,inventory_only,
94ff55f,src/akasha/index/hnsw_storage.mojo,844,HnswStorage.neighbor_at,Mojo,inventory_only,
94ff55f,src/akasha/index/hnsw_storage.mojo,852,HnswStorage.contains_neighbor,Mojo,inventory_only,
94ff55f,src/akasha/index/hnsw_storage.mojo,863,HnswStorage.add_neighbor,Mojo,inventory_only,
94ff55f,src/akasha/index/hnsw_storage.mojo,876,HnswStorage.remove_neighbor,Mojo,inventory_only,
94ff55f,src/akasha/index/hnsw_storage.mojo,897,HnswStorage.set_neighbors,Mojo,inventory_only,
94ff55f,src/akasha/index/hnsw_storage.mojo,918,HnswStorage.validate_structure,Mojo,inventory_only,
94ff55f,src/akasha/index/hnsw_storage.mojo,1097,HnswStorage._slot_index,Mojo,inventory_only,
94ff55f,src/akasha/index/hnsw_storage.mojo,1102,HnswStorage._validate_level,Mojo,inventory_only,
94ff55f,src/akasha/index/hnsw_storage.mojo,1106,HnswStorage._count_index,Mojo,inventory_only,
94ff55f,src/akasha/index/hnsw_storage.mojo,1110,HnswStorage._level_base,Mojo,inventory_only,
94ff55f,src/akasha/index/hnsw_storage.mojo,1117,HnswStorage._validate_neighbor,Mojo,inventory_only,
94ff55f,src/akasha/index/hnsw_storage.mojo,1125,HnswStorage._distance_query_to_offset,Mojo,inventory_only,
94ff55f,src/akasha/index/hnsw_storage.mojo,1167,HnswStorage._finish_distance,Mojo,inventory_only,
94ff55f,src/akasha/index/hnsw_storage.mojo,1177,HnswStorage._i8_vector_scale,Mojo,inventory_only,
94ff55f,src/akasha/index/hnsw_view.mojo,54,_copy_stats,Mojo,discussed_in_audit,A17
94ff55f,src/akasha/index/hnsw_view.mojo,107,HnswGraphView.__init__,Mojo,inventory_only,
94ff55f,src/akasha/index/hnsw_view.mojo,136,HnswGraphView.__init__,Mojo,inventory_only,
94ff55f,src/akasha/index/hnsw_view.mojo,163,HnswGraphView.__init__,Mojo,inventory_only,
94ff55f,src/akasha/index/hnsw_view.mojo,193,HnswGraphView._from_validated_mapping,Mojo,discussed_in_audit,L02;Z10
94ff55f,src/akasha/index/hnsw_view.mojo,229,HnswGraphView.close,Mojo,discussed_in_audit,L02;Z10
94ff55f,src/akasha/index/hnsw_view.mojo,232,HnswGraphView.validate_search_ready,Mojo,inventory_only,
94ff55f,src/akasha/index/hnsw_view.mojo,237,HnswGraphView.slot_count,Mojo,inventory_only,
94ff55f,src/akasha/index/hnsw_view.mojo,240,HnswGraphView.live_point_count,Mojo,inventory_only,
94ff55f,src/akasha/index/hnsw_view.mojo,243,HnswGraphView.graph_dimension,Mojo,inventory_only,
94ff55f,src/akasha/index/hnsw_view.mojo,246,HnswGraphView.graph_m,Mojo,inventory_only,
94ff55f,src/akasha/index/hnsw_view.mojo,249,HnswGraphView.graph_m0,Mojo,inventory_only,
94ff55f,src/akasha/index/hnsw_view.mojo,252,HnswGraphView.entry_slot,Mojo,inventory_only,
94ff55f,src/akasha/index/hnsw_view.mojo,258,HnswGraphView.entry_slot_optional,Mojo,inventory_only,
94ff55f,src/akasha/index/hnsw_view.mojo,261,HnswGraphView.entry_level,Mojo,inventory_only,
94ff55f,src/akasha/index/hnsw_view.mojo,264,HnswGraphView.metric,Mojo,inventory_only,
94ff55f,src/akasha/index/hnsw_view.mojo,267,HnswGraphView.config,Mojo,inventory_only,
94ff55f,src/akasha/index/hnsw_view.mojo,271,HnswGraphView.last_search_stats,Mojo,inventory_only,
94ff55f,src/akasha/index/hnsw_view.mojo,274,HnswGraphView.last_search_query_preparations,Mojo,inventory_only,
94ff55f,src/akasha/index/hnsw_view.mojo,277,HnswGraphView.last_search_upper_descents,Mojo,inventory_only,
94ff55f,src/akasha/index/hnsw_view.mojo,280,HnswGraphView.distance_backend_selection_count,Mojo,inventory_only,
94ff55f,src/akasha/index/hnsw_view.mojo,283,HnswGraphView.distance_backend_public_switch_count,Mojo,inventory_only,
94ff55f,src/akasha/index/hnsw_view.mojo,286,HnswGraphView.distance_backend_hot_loop_selection_count,Mojo,inventory_only,
94ff55f,src/akasha/index/hnsw_view.mojo,289,HnswGraphView._bind_distance_backend,Mojo,inventory_only,
94ff55f,src/akasha/index/hnsw_view.mojo,295,HnswGraphView._validate_bound_identity,Mojo,inventory_only,
94ff55f,src/akasha/index/hnsw_view.mojo,306,HnswGraphView.id_at,Mojo,inventory_only,
94ff55f,src/akasha/index/hnsw_view.mojo,310,HnswGraphView.level,Mojo,inventory_only,
94ff55f,src/akasha/index/hnsw_view.mojo,313,HnswGraphView.is_current,Mojo,inventory_only,
94ff55f,src/akasha/index/hnsw_view.mojo,326,HnswGraphView.vector_value,Mojo,discussed_in_audit,L02;Z10
94ff55f,src/akasha/index/hnsw_view.mojo,351,HnswGraphView.distance_to_slot,Mojo,inventory_only,
94ff55f,src/akasha/index/hnsw_view.mojo,406,HnswGraphView._distance_to_slot_backend,Mojo,inventory_only,
94ff55f,src/akasha/index/hnsw_view.mojo,537,HnswGraphView.neighbor_count,Mojo,inventory_only,
94ff55f,src/akasha/index/hnsw_view.mojo,546,HnswGraphView.neighbor_at,Mojo,discussed_in_audit,L02;Z10
94ff55f,src/akasha/index/hnsw_view.mojo,559,HnswGraphView.validate_structure,Mojo,inventory_only,
94ff55f,src/akasha/index/hnsw_view.mojo,690,HnswGraphView.search,Mojo,inventory_only,
94ff55f,src/akasha/index/hnsw_view.mojo,733,HnswGraphView._search_backend,Mojo,inventory_only,
94ff55f,src/akasha/index/hnsw_view.mojo,809,HnswGraphView.search_allowed_with_widening,Mojo,inventory_only,
94ff55f,src/akasha/index/hnsw_view.mojo,822,HnswGraphView.search_allowed_candidates_with_widening,Mojo,inventory_only,
94ff55f,src/akasha/index/hnsw_view.mojo,835,HnswGraphView._search_allowed_with_actual_widening,Mojo,inventory_only,
94ff55f,src/akasha/index/hnsw_view.mojo,856,HnswGraphView._search_admitted_candidates_with_widening,Mojo,inventory_only,
94ff55f,src/akasha/index/hnsw_view.mojo,878,HnswGraphView._search_admitted_prepared_candidates_with_widening,Mojo,inventory_only,
94ff55f,src/akasha/index/hnsw_view.mojo,939,HnswGraphView._search_prepared_backend,Mojo,inventory_only,
94ff55f,src/akasha/index/hnsw_view.mojo,979,HnswGraphView._search_admitted_with_actual_widening,Mojo,inventory_only,
94ff55f,src/akasha/index/hnsw_view.mojo,1125,HnswGraphView._search_widening_backend,Mojo,inventory_only,
94ff55f,src/akasha/index/hnsw_view.mojo,1167,HnswGraphView._slot_index,Mojo,inventory_only,
94ff55f,src/akasha/index/hnsw_view.mojo,1173,HnswGraphView._node_record,Mojo,inventory_only,
94ff55f,src/akasha/index/hnsw_view.mojo,1176,HnswGraphView._validate_level,Mojo,inventory_only,
94ff55f,src/akasha/index/hnsw_view.mojo,1180,HnswGraphView._read_u16,Mojo,inventory_only,
94ff55f,src/akasha/index/hnsw_view.mojo,1185,HnswGraphView._read_u32,Mojo,inventory_only,
94ff55f,src/akasha/index/hnsw_view.mojo,1193,HnswGraphView._read_u64,Mojo,inventory_only,
94ff55f,src/akasha/index/keyword.mojo,13,_KeywordEntry.__init__,Mojo,discussed_in_audit,A03
94ff55f,src/akasha/index/keyword.mojo,36,KeywordIndex.__init__,Mojo,inventory_only,
94ff55f,src/akasha/index/keyword.mojo,43,KeywordIndex.size,Mojo,inventory_only,
94ff55f,src/akasha/index/keyword.mojo,46,KeywordIndex.entry_count,Mojo,inventory_only,
94ff55f,src/akasha/index/keyword.mojo,49,KeywordIndex.resize,Mojo,inventory_only,
94ff55f,src/akasha/index/keyword.mojo,54,KeywordIndex.begin_bulk,Mojo,inventory_only,
94ff55f,src/akasha/index/keyword.mojo,59,KeywordIndex.finish_bulk,Mojo,inventory_only,
94ff55f,src/akasha/index/keyword.mojo,65,KeywordIndex.add,Mojo,inventory_only,
94ff55f,src/akasha/index/keyword.mojo,83,KeywordIndex.remove,Mojo,inventory_only,
94ff55f,src/akasha/index/keyword.mojo,97,KeywordIndex.evaluate,Mojo,inventory_only,
94ff55f,src/akasha/index/keyword.mojo,125,KeywordIndex._validate_value,Mojo,inventory_only,
94ff55f,src/akasha/index/keyword.mojo,129,KeywordIndex._validate_ordinal,Mojo,inventory_only,
94ff55f,src/akasha/index/keyword.mojo,134,_same_entry,Mojo,inventory_only,
94ff55f,src/akasha/index/keyword.mojo,147,_same_value,Mojo,inventory_only,
94ff55f,src/akasha/index/keyword.mojo,155,_keyword_after,Mojo,inventory_only,
94ff55f,src/akasha/index/keyword.mojo,167,_keyword_family_before,Mojo,inventory_only,
94ff55f,src/akasha/index/keyword.mojo,173,_keyword_family_after,Mojo,inventory_only,
94ff55f,src/akasha/index/keyword.mojo,179,_keyword_family_start,Mojo,inventory_only,
94ff55f,src/akasha/index/keyword.mojo,193,_keyword_family_end,Mojo,inventory_only,
94ff55f,src/akasha/index/keyword.mojo,207,_keyword_value_before,Mojo,inventory_only,
94ff55f,src/akasha/index/keyword.mojo,215,_keyword_value_after,Mojo,inventory_only,
94ff55f,src/akasha/index/keyword.mojo,223,_keyword_value_lower,Mojo,inventory_only,
94ff55f,src/akasha/index/keyword.mojo,240,_keyword_value_upper,Mojo,inventory_only,
94ff55f,src/akasha/index/keyword.mojo,257,_sort_keyword_entries,Mojo,discussed_in_audit,A03
94ff55f,src/akasha/index/keyword.mojo,269,_sift_keyword,Mojo,discussed_in_audit,A03
94ff55f,src/akasha/index/metadata.mojo,26,MetadataIndex.__init__,Mojo,inventory_only,
94ff55f,src/akasha/index/metadata.mojo,35,MetadataIndex.slot_count,Mojo,inventory_only,
94ff55f,src/akasha/index/metadata.mojo,38,MetadataIndex.live_count,Mojo,inventory_only,
94ff55f,src/akasha/index/metadata.mojo,41,MetadataIndex.id_at,Mojo,inventory_only,
94ff55f,src/akasha/index/metadata.mojo,45,MetadataIndex.is_live_at,Mojo,inventory_only,
94ff55f,src/akasha/index/metadata.mojo,49,MetadataIndex.ordinal_for,Mojo,inventory_only,
94ff55f,src/akasha/index/metadata.mojo,54,MetadataIndex.live_universe,Mojo,inventory_only,
94ff55f,src/akasha/index/metadata.mojo,57,MetadataIndex.begin_bulk,Mojo,inventory_only,
94ff55f,src/akasha/index/metadata.mojo,64,MetadataIndex.finish_bulk,Mojo,inventory_only,
94ff55f,src/akasha/index/metadata.mojo,71,MetadataIndex.upsert,Mojo,inventory_only,
94ff55f,src/akasha/index/metadata.mojo,86,MetadataIndex.delete,Mojo,inventory_only,
94ff55f,src/akasha/index/metadata.mojo,95,MetadataIndex.evaluate_condition,Mojo,inventory_only,
94ff55f,src/akasha/index/metadata.mojo,106,MetadataIndex.contains_id,Mojo,inventory_only,
94ff55f,src/akasha/index/metadata.mojo,114,MetadataIndex.encode_cache_payload,Mojo,inventory_only,
94ff55f,src/akasha/index/metadata.mojo,135,MetadataIndex.decode_cache_payload,Mojo,inventory_only,
94ff55f,src/akasha/index/metadata.mojo,168,MetadataIndex._append_slot,Mojo,inventory_only,
94ff55f,src/akasha/index/metadata.mojo,180,MetadataIndex._add_field,Mojo,inventory_only,
94ff55f,src/akasha/index/metadata.mojo,186,MetadataIndex._remove_fields,Mojo,inventory_only,
94ff55f,src/akasha/index/metadata.mojo,204,MetadataIndex._validate_ordinal,Mojo,inventory_only,
94ff55f,src/akasha/index/metadata.mojo,209,build_metadata_index,Mojo,inventory_only,
94ff55f,src/akasha/index/quantization.mojo,21,Sq8Codebook.__init__,Mojo,inventory_only,
94ff55f,src/akasha/index/quantization.mojo,41,Sq8Codebook.train,Mojo,inventory_only,
94ff55f,src/akasha/index/quantization.mojo,65,Sq8Codebook.version,Mojo,inventory_only,
94ff55f,src/akasha/index/quantization.mojo,68,Sq8Codebook.dimension,Mojo,inventory_only,
94ff55f,src/akasha/index/quantization.mojo,71,Sq8Codebook.minimum,Mojo,inventory_only,
94ff55f,src/akasha/index/quantization.mojo,75,Sq8Codebook.scale,Mojo,inventory_only,
94ff55f,src/akasha/index/quantization.mojo,79,Sq8Codebook.encode,Mojo,inventory_only,
94ff55f,src/akasha/index/quantization.mojo,97,Sq8Codebook.decode,Mojo,inventory_only,
94ff55f,src/akasha/index/quantization.mojo,105,Sq8Codebook.decode_value,Mojo,inventory_only,
94ff55f,src/akasha/index/quantization.mojo,109,Sq8Codebook._validate_column,Mojo,inventory_only,
94ff55f,src/akasha/index/quantization.mojo,121,Sq8Index.__init__,Mojo,inventory_only,
94ff55f,src/akasha/index/quantization.mojo,134,Sq8Index.build,Mojo,inventory_only,
94ff55f,src/akasha/index/quantization.mojo,150,Sq8Index.point_count,Mojo,inventory_only,
94ff55f,src/akasha/index/quantization.mojo,153,Sq8Index.dimension,Mojo,inventory_only,
94ff55f,src/akasha/index/quantization.mojo,156,Sq8Index.encoded_bytes,Mojo,inventory_only,
94ff55f,src/akasha/index/quantization.mojo,159,Sq8Index.estimated_bytes,Mojo,inventory_only,
94ff55f,src/akasha/index/quantization.mojo,162,Sq8Index.search_dot,Mojo,inventory_only,
94ff55f,src/akasha/index/quantization.mojo,167,Sq8Index.search_l2,Mojo,inventory_only,
94ff55f,src/akasha/index/quantization.mojo,172,Sq8Index.search_cosine,Mojo,inventory_only,
94ff55f,src/akasha/index/quantization.mojo,177,Sq8Index._search,Mojo,inventory_only,
94ff55f,src/akasha/index/quantization.mojo,195,Sq8Index._score,Mojo,inventory_only,
94ff55f,src/akasha/index/quantization.mojo,219,Sq8Index._validate_query,Mojo,inventory_only,
94ff55f,src/akasha/index/quantization.mojo,244,PqCodebook.__init__,Mojo,inventory_only,
94ff55f,src/akasha/index/quantization.mojo,270,PqCodebook.train,Mojo,inventory_only,
94ff55f,src/akasha/index/quantization.mojo,358,PqCodebook.version,Mojo,inventory_only,
94ff55f,src/akasha/index/quantization.mojo,361,PqCodebook.dimension,Mojo,inventory_only,
94ff55f,src/akasha/index/quantization.mojo,364,PqCodebook.subquantizer_count,Mojo,inventory_only,
94ff55f,src/akasha/index/quantization.mojo,367,PqCodebook.centroid_count,Mojo,inventory_only,
94ff55f,src/akasha/index/quantization.mojo,370,PqCodebook.subdimension,Mojo,inventory_only,
94ff55f,src/akasha/index/quantization.mojo,373,PqCodebook.encode,Mojo,inventory_only,
94ff55f,src/akasha/index/quantization.mojo,390,PqCodebook.value,Mojo,inventory_only,
94ff55f,src/akasha/index/quantization.mojo,412,PqCodebook._validate_vector,Mojo,inventory_only,
94ff55f,src/akasha/index/quantization.mojo,427,PqIndex.__init__,Mojo,inventory_only,
94ff55f,src/akasha/index/quantization.mojo,440,PqIndex.build,Mojo,inventory_only,
94ff55f,src/akasha/index/quantization.mojo,467,PqIndex.point_count,Mojo,inventory_only,
94ff55f,src/akasha/index/quantization.mojo,470,PqIndex.encoded_bytes,Mojo,inventory_only,
94ff55f,src/akasha/index/quantization.mojo,473,PqIndex.estimated_bytes,Mojo,inventory_only,
94ff55f,src/akasha/index/quantization.mojo,482,PqIndex.search_dot,Mojo,inventory_only,
94ff55f,src/akasha/index/quantization.mojo,487,PqIndex.search_l2,Mojo,inventory_only,
94ff55f,src/akasha/index/quantization.mojo,492,PqIndex.search_cosine,Mojo,inventory_only,
94ff55f,src/akasha/index/quantization.mojo,497,PqIndex._search,Mojo,inventory_only,
94ff55f,src/akasha/index/quantization.mojo,515,PqIndex._score,Mojo,inventory_only,
94ff55f,src/akasha/index/quantization.mojo,546,PqIndex._validate_query,Mojo,inventory_only,
94ff55f,src/akasha/index/quantization.mojo,562,_pq_offset,Mojo,inventory_only,
94ff55f,src/akasha/index/quantization.mojo,574,_nearest_pq_centroid,Mojo,inventory_only,
94ff55f,src/akasha/index/segmented_hnsw.mojo,46,_CurrentSourceState.__init__,Mojo,inventory_only,
94ff55f,src/akasha/index/segmented_hnsw.mojo,57,_CurrentSourceLookup.__init__,Mojo,inventory_only,
94ff55f,src/akasha/index/segmented_hnsw.mojo,60,_CurrentSourceLookup.entry_count,Mojo,inventory_only,
94ff55f,src/akasha/index/segmented_hnsw.mojo,63,_CurrentSourceLookup.base_count,Mojo,inventory_only,
94ff55f,src/akasha/index/segmented_hnsw.mojo,66,_CurrentSourceLookup.delta_count,Mojo,inventory_only,
94ff55f,src/akasha/index/segmented_hnsw.mojo,69,_CurrentSourceLookup.contains,Mojo,inventory_only,
94ff55f,src/akasha/index/segmented_hnsw.mojo,72,_CurrentSourceLookup.source_for,Mojo,inventory_only,
94ff55f,src/akasha/index/segmented_hnsw.mojo,77,_CurrentSourceLookup.set_base,Mojo,inventory_only,
94ff55f,src/akasha/index/segmented_hnsw.mojo,82,_CurrentSourceLookup.set_delta,Mojo,inventory_only,
94ff55f,src/akasha/index/segmented_hnsw.mojo,85,_CurrentSourceLookup.remove,Mojo,inventory_only,
94ff55f,src/akasha/index/segmented_hnsw.mojo,93,_CurrentSourceLookup._replace,Mojo,inventory_only,
94ff55f,src/akasha/index/segmented_hnsw.mojo,102,_CurrentSourceLookup._decrement,Mojo,inventory_only,
94ff55f,src/akasha/index/segmented_hnsw.mojo,117,_SourceAdmission.__init__,Mojo,inventory_only,
94ff55f,src/akasha/index/segmented_hnsw.mojo,121,_SourceAdmission.is_allow_all,Mojo,inventory_only,
94ff55f,src/akasha/index/segmented_hnsw.mojo,124,_SourceAdmission.validate,Mojo,inventory_only,
94ff55f,src/akasha/index/segmented_hnsw.mojo,128,_SourceAdmission._allows_item,Mojo,inventory_only,
94ff55f,src/akasha/index/segmented_hnsw.mojo,139,_FilteredSourceAdmission.__init__,Mojo,inventory_only,
94ff55f,src/akasha/index/segmented_hnsw.mojo,148,_FilteredSourceAdmission.is_allow_all,Mojo,inventory_only,
94ff55f,src/akasha/index/segmented_hnsw.mojo,151,_FilteredSourceAdmission.validate,Mojo,inventory_only,
94ff55f,src/akasha/index/segmented_hnsw.mojo,155,_FilteredSourceAdmission._allows_item,Mojo,inventory_only,
94ff55f,src/akasha/index/segmented_hnsw.mojo,161,_accumulate_search_stats,Mojo,discussed_in_audit,A17
94ff55f,src/akasha/index/segmented_hnsw.mojo,197,SegmentedHnsw.__init__,Mojo,inventory_only,
94ff55f,src/akasha/index/segmented_hnsw.mojo,218,SegmentedHnsw.__init__,Mojo,inventory_only,
94ff55f,src/akasha/index/segmented_hnsw.mojo,245,SegmentedHnsw.from_owned,Mojo,inventory_only,
94ff55f,src/akasha/index/segmented_hnsw.mojo,258,SegmentedHnsw.from_mapped,Mojo,inventory_only,
94ff55f,src/akasha/index/segmented_hnsw.mojo,273,SegmentedHnsw.base_is_mapped,Mojo,inventory_only,
94ff55f,src/akasha/index/segmented_hnsw.mojo,276,SegmentedHnsw.base_is_owned,Mojo,inventory_only,
94ff55f,src/akasha/index/segmented_hnsw.mojo,279,SegmentedHnsw.has_base,Mojo,inventory_only,
94ff55f,src/akasha/index/segmented_hnsw.mojo,282,SegmentedHnsw.close,Mojo,inventory_only,
94ff55f,src/akasha/index/segmented_hnsw.mojo,286,SegmentedHnsw.base_slot_count,Mojo,inventory_only,
94ff55f,src/akasha/index/segmented_hnsw.mojo,293,SegmentedHnsw.point_count,Mojo,inventory_only,
94ff55f,src/akasha/index/segmented_hnsw.mojo,296,SegmentedHnsw.build_slot_count,Mojo,inventory_only,
94ff55f,src/akasha/index/segmented_hnsw.mojo,299,SegmentedHnsw.delta_slot_count,Mojo,inventory_only,
94ff55f,src/akasha/index/segmented_hnsw.mojo,302,SegmentedHnsw.current_point_count,Mojo,inventory_only,
94ff55f,src/akasha/index/segmented_hnsw.mojo,305,SegmentedHnsw.contains_current,Mojo,inventory_only,
94ff55f,src/akasha/index/segmented_hnsw.mojo,308,SegmentedHnsw.inactive_count,Mojo,inventory_only,
94ff55f,src/akasha/index/segmented_hnsw.mojo,323,SegmentedHnsw.build_distance_evaluations,Mojo,inventory_only,
94ff55f,src/akasha/index/segmented_hnsw.mojo,329,SegmentedHnsw.mutation_count,Mojo,inventory_only,
94ff55f,src/akasha/index/segmented_hnsw.mojo,332,SegmentedHnsw.has_delta,Mojo,inventory_only,
94ff55f,src/akasha/index/segmented_hnsw.mojo,337,SegmentedHnsw.checkpoint_ready,Mojo,inventory_only,
94ff55f,src/akasha/index/segmented_hnsw.mojo,340,SegmentedHnsw.checkpoint_base,Mojo,inventory_only,
94ff55f,src/akasha/index/segmented_hnsw.mojo,348,SegmentedHnsw.needs_rebuild,Mojo,inventory_only,
94ff55f,src/akasha/index/segmented_hnsw.mojo,362,SegmentedHnsw.last_search_stats,Mojo,inventory_only,
94ff55f,src/akasha/index/segmented_hnsw.mojo,383,SegmentedHnsw.last_candidate_merge_insertions,Mojo,inventory_only,
94ff55f,src/akasha/index/segmented_hnsw.mojo,386,SegmentedHnsw.last_rerank_ordinal_lookups,Mojo,inventory_only,
94ff55f,src/akasha/index/segmented_hnsw.mojo,389,SegmentedHnsw.last_rerank_linear_id_scans,Mojo,inventory_only,
94ff55f,src/akasha/index/segmented_hnsw.mojo,392,SegmentedHnsw.last_search_query_preparations,Mojo,inventory_only,
94ff55f,src/akasha/index/segmented_hnsw.mojo,395,SegmentedHnsw.last_search_upper_descents,Mojo,inventory_only,
94ff55f,src/akasha/index/segmented_hnsw.mojo,398,SegmentedHnsw.distance_backend_selection_count,Mojo,inventory_only,
94ff55f,src/akasha/index/segmented_hnsw.mojo,401,SegmentedHnsw.distance_backend_public_switch_count,Mojo,inventory_only,
94ff55f,src/akasha/index/segmented_hnsw.mojo,404,SegmentedHnsw.distance_backend_hot_loop_selection_count,Mojo,inventory_only,
94ff55f,src/akasha/index/segmented_hnsw.mojo,407,SegmentedHnsw.validate_structure,Mojo,inventory_only,
94ff55f,src/akasha/index/segmented_hnsw.mojo,414,SegmentedHnsw.validate_overlay,Mojo,inventory_only,
94ff55f,src/akasha/index/segmented_hnsw.mojo,449,SegmentedHnsw.promote_delta_base,Mojo,inventory_only,
94ff55f,src/akasha/index/segmented_hnsw.mojo,465,SegmentedHnsw.replace_owned_base,Mojo,inventory_only,
94ff55f,src/akasha/index/segmented_hnsw.mojo,480,SegmentedHnsw.upsert,Mojo,inventory_only,
94ff55f,src/akasha/index/segmented_hnsw.mojo,515,SegmentedHnsw.delete,Mojo,inventory_only,
94ff55f,src/akasha/index/segmented_hnsw.mojo,529,SegmentedHnsw.search,Mojo,inventory_only,
94ff55f,src/akasha/index/segmented_hnsw.mojo,540,SegmentedHnsw._search_candidates,Mojo,inventory_only,
94ff55f,src/akasha/index/segmented_hnsw.mojo,599,SegmentedHnsw.search_allowed,Mojo,inventory_only,
94ff55f,src/akasha/index/segmented_hnsw.mojo,616,SegmentedHnsw._search_allowed_candidates,Mojo,inventory_only,
94ff55f,src/akasha/index/segmented_hnsw.mojo,681,SegmentedHnsw._collect_candidates,Mojo,inventory_only,
94ff55f,src/akasha/index/segmented_hnsw.mojo,789,SegmentedHnsw._collect_allowed_candidates,Mojo,inventory_only,
94ff55f,src/akasha/index/segmented_hnsw.mojo,912,SegmentedHnsw._rerank,Mojo,inventory_only,
94ff55f,src/akasha/index/segmented_hnsw.mojo,931,SegmentedHnsw._exact_search,Mojo,inventory_only,
94ff55f,src/akasha/index/segmented_hnsw.mojo,965,SegmentedHnsw._rerank_allowed,Mojo,inventory_only,
94ff55f,src/akasha/index/segmented_hnsw.mojo,986,SegmentedHnsw._exact_search_allowed,Mojo,inventory_only,
94ff55f,src/akasha/index/segmented_hnsw.mojo,1027,SegmentedHnsw._rerank_candidates,Mojo,inventory_only,
94ff55f,src/akasha/index/segmented_hnsw.mojo,1063,SegmentedHnsw._rerank_allowed_candidates,Mojo,inventory_only,
94ff55f,src/akasha/index/segmented_hnsw.mojo,1102,SegmentedHnsw._finish_topk,Mojo,inventory_only,
94ff55f,src/akasha/index/segmented_hnsw.mojo,1110,SegmentedHnsw._reset_rerank_counters,Mojo,inventory_only,
94ff55f,src/akasha/index/segmented_hnsw.mojo,1118,SegmentedHnsw._validate_authoritative_ordinal,Mojo,inventory_only,
94ff55f,src/akasha/index/segmented_hnsw.mojo,1130,SegmentedHnsw._accumulate_source_stats,Mojo,inventory_only,
94ff55f,src/akasha/index/segmented_hnsw.mojo,1140,SegmentedHnsw._base_live_count,Mojo,inventory_only,
94ff55f,src/akasha/index/segmented_hnsw.mojo,1150,SegmentedHnsw._base_source_matches,Mojo,inventory_only,
94ff55f,src/akasha/index/segmented_hnsw.mojo,1169,SegmentedHnsw._index_owned_base_sources,Mojo,inventory_only,
94ff55f,src/akasha/index/segmented_hnsw.mojo,1178,SegmentedHnsw._index_mapped_base_sources,Mojo,inventory_only,
94ff55f,src/akasha/index/segmented_hnsw.mojo,1187,SegmentedHnsw._record_mutation,Mojo,inventory_only,
94ff55f,src/akasha/index/segmented_hnsw.mojo,1191,SegmentedHnsw._validate_identity,Mojo,inventory_only,
94ff55f,src/akasha/index/sorted_block.mojo,11,_IntEntry.__init__,Mojo,discussed_in_audit,A03
94ff55f,src/akasha/index/sorted_block.mojo,22,_FloatEntry.__init__,Mojo,discussed_in_audit,A03
94ff55f,src/akasha/index/sorted_block.mojo,36,SortedBlockIndex.__init__,Mojo,inventory_only,
94ff55f,src/akasha/index/sorted_block.mojo,44,SortedBlockIndex.size,Mojo,inventory_only,
94ff55f,src/akasha/index/sorted_block.mojo,47,SortedBlockIndex.resize,Mojo,inventory_only,
94ff55f,src/akasha/index/sorted_block.mojo,52,SortedBlockIndex.begin_bulk,Mojo,inventory_only,
94ff55f,src/akasha/index/sorted_block.mojo,61,SortedBlockIndex.finish_bulk,Mojo,inventory_only,
94ff55f,src/akasha/index/sorted_block.mojo,68,SortedBlockIndex.add,Mojo,inventory_only,
94ff55f,src/akasha/index/sorted_block.mojo,78,SortedBlockIndex.remove,Mojo,inventory_only,
94ff55f,src/akasha/index/sorted_block.mojo,90,SortedBlockIndex.evaluate,Mojo,inventory_only,
94ff55f,src/akasha/index/sorted_block.mojo,100,SortedBlockIndex._add_int,Mojo,inventory_only,
94ff55f,src/akasha/index/sorted_block.mojo,119,SortedBlockIndex._add_float,Mojo,inventory_only,
94ff55f,src/akasha/index/sorted_block.mojo,138,SortedBlockIndex._remove_int,Mojo,inventory_only,
94ff55f,src/akasha/index/sorted_block.mojo,152,SortedBlockIndex._remove_float,Mojo,inventory_only,
94ff55f,src/akasha/index/sorted_block.mojo,166,SortedBlockIndex._evaluate_int,Mojo,inventory_only,
94ff55f,src/akasha/index/sorted_block.mojo,195,SortedBlockIndex._evaluate_float,Mojo,inventory_only,
94ff55f,src/akasha/index/sorted_block.mojo,224,SortedBlockIndex._validate_ordinal,Mojo,inventory_only,
94ff55f,src/akasha/index/sorted_block.mojo,229,_int_after,Mojo,inventory_only,
94ff55f,src/akasha/index/sorted_block.mojo,237,_float_after,Mojo,inventory_only,
94ff55f,src/akasha/index/sorted_block.mojo,245,_int_field_start,Mojo,inventory_only,
94ff55f,src/akasha/index/sorted_block.mojo,257,_int_field_end,Mojo,inventory_only,
94ff55f,src/akasha/index/sorted_block.mojo,269,_int_lower_bound,Mojo,inventory_only,
94ff55f,src/akasha/index/sorted_block.mojo,283,_int_upper_bound,Mojo,inventory_only,
94ff55f,src/akasha/index/sorted_block.mojo,297,_float_field_start,Mojo,inventory_only,
94ff55f,src/akasha/index/sorted_block.mojo,309,_float_field_end,Mojo,inventory_only,
94ff55f,src/akasha/index/sorted_block.mojo,323,_float_lower_bound,Mojo,inventory_only,
94ff55f,src/akasha/index/sorted_block.mojo,337,_float_upper_bound,Mojo,inventory_only,
94ff55f,src/akasha/index/sorted_block.mojo,351,_sort_int_entries,Mojo,discussed_in_audit,A03
94ff55f,src/akasha/index/sorted_block.mojo,363,_sift_int,Mojo,discussed_in_audit,A03
94ff55f,src/akasha/index/sorted_block.mojo,375,_sort_float_entries,Mojo,discussed_in_audit,A03
94ff55f,src/akasha/index/sorted_block.mojo,387,_sift_float,Mojo,discussed_in_audit,A03
94ff55f,src/akasha/index/sparse.mojo,10,SparseElement.__init__,Mojo,inventory_only,
94ff55f,src/akasha/index/sparse.mojo,19,SparseRecord.__init__,Mojo,inventory_only,
94ff55f,src/akasha/index/sparse.mojo,23,SparseRecord.clone,Mojo,discussed_in_audit,Z01
94ff55f,src/akasha/index/sparse.mojo,32,_Posting.__init__,Mojo,inventory_only,
94ff55f,src/akasha/index/sparse.mojo,41,_PostingList.__init__,Mojo,inventory_only,
94ff55f,src/akasha/index/sparse.mojo,50,_SparseScore.__init__,Mojo,inventory_only,
94ff55f,src/akasha/index/sparse.mojo,55,validate_sparse,Mojo,inventory_only,
94ff55f,src/akasha/index/sparse.mojo,75,SparseIndex.__init__,Mojo,inventory_only,
94ff55f,src/akasha/index/sparse.mojo,79,SparseIndex.point_count,Mojo,inventory_only,
94ff55f,src/akasha/index/sparse.mojo,82,SparseIndex.clone,Mojo,discussed_in_audit,Z01
94ff55f,src/akasha/index/sparse.mojo,88,SparseIndex.contains,Mojo,inventory_only,
94ff55f,src/akasha/index/sparse.mojo,91,SparseIndex.upsert,Mojo,discussed_in_audit,A07
94ff55f,src/akasha/index/sparse.mojo,105,SparseIndex.delete,Mojo,discussed_in_audit,A07
94ff55f,src/akasha/index/sparse.mojo,125,SparseIndex.records,Mojo,discussed_in_audit,Z01
94ff55f,src/akasha/index/sparse.mojo,131,SparseIndex.search_dot,Mojo,discussed_in_audit,A07
94ff55f,src/akasha/index/sparse.mojo,167,SparseIndex._find_record,Mojo,discussed_in_audit,A07
94ff55f,src/akasha/index/sparse.mojo,173,SparseIndex._find_term,Mojo,discussed_in_audit,A07
94ff55f,src/akasha/query/batch_executor.mojo,33,ExactBatchExecution.__init__,Mojo,inventory_only,
94ff55f,src/akasha/query/batch_executor.mojo,42,batch_metric_name,Mojo,inventory_only,
94ff55f,src/akasha/query/batch_executor.mojo,52,execute_exact_batch_reported,Mojo,inventory_only,
94ff55f,src/akasha/query/batch_executor.mojo,75,execute_scalar_exact_reported,Mojo,inventory_only,
94ff55f,src/akasha/query/batch_executor.mojo,127,execute_exact_batch,Mojo,inventory_only,
94ff55f,src/akasha/query/batch_executor.mojo,185,score_query,Mojo,inventory_only,
94ff55f,src/akasha/query/batch_executor.mojo,223,execute_exact_candidate_batch,Mojo,inventory_only,
94ff55f,src/akasha/query/batch_executor.mojo,279,score_query,Mojo,inventory_only,
94ff55f,src/akasha/query/batch_executor.mojo,310,_score_prevalidated,Mojo,inventory_only,
94ff55f,src/akasha/query/control.mojo,10,_CancellationState.__init__,Mojo,inventory_only,
94ff55f,src/akasha/query/control.mojo,18,CancellationToken.__init__,Mojo,inventory_only,
94ff55f,src/akasha/query/control.mojo,21,CancellationToken.cancel,Mojo,inventory_only,
94ff55f,src/akasha/query/control.mojo,25,CancellationToken.is_cancelled,Mojo,inventory_only,
94ff55f,src/akasha/query/control.mojo,37,QueryControl.__init__,Mojo,inventory_only,
94ff55f,src/akasha/query/control.mojo,52,QueryControl.validate_candidate_count,Mojo,inventory_only,
94ff55f,src/akasha/query/control.mojo,56,QueryControl.checkpoint,Mojo,inventory_only,
94ff55f,src/akasha/query/evaluator.mojo,6,matches_all,Mojo,inventory_only,
94ff55f,src/akasha/query/evaluator.mojo,16,matches_expression,Mojo,inventory_only,
94ff55f,src/akasha/query/evaluator.mojo,73,_matches_condition,Mojo,inventory_only,
94ff55f,src/akasha/query/evaluator.mojo,83,_matches_value,Mojo,inventory_only,
94ff55f,src/akasha/query/evaluator.mojo,117,_compare_ints,Mojo,inventory_only,
94ff55f,src/akasha/query/evaluator.mojo,131,_compare_floats,Mojo,inventory_only,
94ff55f,src/akasha/query/executor.mojo,5,candidate_ordinals,Mojo,inventory_only,
94ff55f,src/akasha/query/filter_ast.mojo,19,FilterCondition.__init__,Mojo,inventory_only,
94ff55f,src/akasha/query/filter_ast.mojo,31,FilterCondition.equal,Mojo,inventory_only,
94ff55f,src/akasha/query/filter_ast.mojo,35,FilterCondition.not_equal,Mojo,inventory_only,
94ff55f,src/akasha/query/filter_ast.mojo,41,FilterCondition.less_than,Mojo,inventory_only,
94ff55f,src/akasha/query/filter_ast.mojo,47,FilterCondition.less_or_equal,Mojo,inventory_only,
94ff55f,src/akasha/query/filter_ast.mojo,53,FilterCondition.greater_than,Mojo,inventory_only,
94ff55f,src/akasha/query/filter_ast.mojo,59,FilterCondition.greater_or_equal,Mojo,inventory_only,
94ff55f,src/akasha/query/filter_ast.mojo,64,FilterCondition.operator_kind,Mojo,inventory_only,
94ff55f,src/akasha/query/filter_ast.mojo,67,FilterCondition.validate,Mojo,inventory_only,
94ff55f,src/akasha/query/filter_ast.mojo,70,FilterCondition.clone,Mojo,discussed_in_audit,A17
94ff55f,src/akasha/query/filter_ast.mojo,78,_validate_condition,Mojo,inventory_only,
94ff55f,src/akasha/query/filter_ast.mojo,105,_FilterNode.__init__,Mojo,inventory_only,
94ff55f,src/akasha/query/filter_ast.mojo,115,_FilterNode.clone_with_offset,Mojo,discussed_in_audit,A17
94ff55f,src/akasha/query/filter_ast.mojo,139,FilterExpression.__init__,Mojo,inventory_only,
94ff55f,src/akasha/query/filter_ast.mojo,159,FilterExpression.__init__,Mojo,inventory_only,
94ff55f,src/akasha/query/filter_ast.mojo,165,FilterExpression.condition,Mojo,inventory_only,
94ff55f,src/akasha/query/filter_ast.mojo,172,FilterExpression.all,Mojo,inventory_only,
94ff55f,src/akasha/query/filter_ast.mojo,177,FilterExpression.any,Mojo,inventory_only,
94ff55f,src/akasha/query/filter_ast.mojo,182,FilterExpression.negate,Mojo,inventory_only,
94ff55f,src/akasha/query/filter_ast.mojo,188,FilterExpression.kind,Mojo,inventory_only,
94ff55f,src/akasha/query/filter_ast.mojo,191,FilterExpression.child_count,Mojo,inventory_only,
94ff55f,src/akasha/query/filter_ast.mojo,194,FilterExpression.get_condition,Mojo,inventory_only,
94ff55f,src/akasha/query/filter_ast.mojo,197,FilterExpression.get_child_condition,Mojo,inventory_only,
94ff55f,src/akasha/query/filter_ast.mojo,206,FilterExpression.node_count,Mojo,inventory_only,
94ff55f,src/akasha/query/filter_ast.mojo,209,FilterExpression.depth,Mojo,inventory_only,
94ff55f,src/akasha/query/filter_ast.mojo,222,FilterExpression.validate,Mojo,inventory_only,
94ff55f,src/akasha/query/filter_ast.mojo,232,FilterExpression.clone,Mojo,discussed_in_audit,A17
94ff55f,src/akasha/query/filter_ast.mojo,238,FilterExpression._get_node_condition,Mojo,inventory_only,
94ff55f,src/akasha/query/filter_ast.mojo,246,FilterExpression._node_kind,Mojo,inventory_only,
94ff55f,src/akasha/query/filter_ast.mojo,249,FilterExpression._node_child_count,Mojo,inventory_only,
94ff55f,src/akasha/query/filter_ast.mojo,252,FilterExpression._node_child,Mojo,inventory_only,
94ff55f,src/akasha/query/filter_ast.mojo,255,FilterExpression._root_index,Mojo,inventory_only,
94ff55f,src/akasha/query/filter_ast.mojo,258,FilterExpression.root_index,Mojo,inventory_only,
94ff55f,src/akasha/query/filter_ast.mojo,261,FilterExpression.node_kind,Mojo,inventory_only,
94ff55f,src/akasha/query/filter_ast.mojo,264,FilterExpression.node_child_count,Mojo,inventory_only,
94ff55f,src/akasha/query/filter_ast.mojo,267,FilterExpression.node_child,Mojo,inventory_only,
94ff55f,src/akasha/query/filter_ast.mojo,270,FilterExpression.node_condition,Mojo,inventory_only,
94ff55f,src/akasha/query/filter_ast.mojo,276,_validate_requested_shape,Mojo,inventory_only,
94ff55f,src/akasha/query/filter_ast.mojo,294,_validate_expression_node,Mojo,inventory_only,
94ff55f,src/akasha/query/fusion.mojo,9,_FusionScore.__init__,Mojo,discussed_in_audit,A07
94ff55f,src/akasha/query/fusion.mojo,14,reciprocal_rank_fusion,Mojo,discussed_in_audit,A07
94ff55f,src/akasha/query/fusion.mojo,43,_accumulate,Mojo,discussed_in_audit,A07
94ff55f,src/akasha/query/index_evaluator.mojo,6,evaluate_all,Mojo,inventory_only,
94ff55f,src/akasha/query/index_evaluator.mojo,20,evaluate_expression,Mojo,inventory_only,
94ff55f,src/akasha/query/parallel_scan.mojo,29,ParallelScanExecution.__init__,Mojo,discussed_in_audit,A14;A16
94ff55f,src/akasha/query/parallel_scan.mojo,38,execute_parallel_scan_reported,Mojo,discussed_in_audit,A14;A16
94ff55f,src/akasha/query/parallel_scan.mojo,64,execute_parallel_scan,Mojo,discussed_in_audit,A14;A16
94ff55f,src/akasha/query/parallel_scan.mojo,120,scan_range,Mojo,discussed_in_audit,A14;A16
94ff55f,src/akasha/query/planner.mojo,9,HnswPlan.__init__,Mojo,inventory_only,
94ff55f,src/akasha/query/planner.mojo,29,QueryPlanner.plan_dense,Mojo,inventory_only,
94ff55f,src/akasha/query/planner.mojo,119,QueryPlanner.use_hnsw,Mojo,inventory_only,
94ff55f,src/akasha/storage/checksum.mojo,4,crc32,Mojo,discussed_in_audit,A12
94ff55f,src/akasha/storage/checksum.mojo,9,crc32_range,Mojo,discussed_in_audit,A12
94ff55f,src/akasha/storage/checksum.mojo,17,_crc32_update,Mojo,discussed_in_audit,A12
94ff55f,src/akasha/storage/checksum.mojo,33,BinaryWriter.__init__,Mojo,discussed_in_audit,A12
94ff55f,src/akasha/storage/checksum.mojo,36,BinaryWriter.write_u8,Mojo,discussed_in_audit,A12
94ff55f,src/akasha/storage/checksum.mojo,39,BinaryWriter.write_u16,Mojo,discussed_in_audit,A12
94ff55f,src/akasha/storage/checksum.mojo,43,BinaryWriter.write_u32,Mojo,discussed_in_audit,A12
94ff55f,src/akasha/storage/checksum.mojo,47,BinaryWriter.write_u64,Mojo,discussed_in_audit,A12
94ff55f,src/akasha/storage/checksum.mojo,51,BinaryWriter.write_i64,Mojo,discussed_in_audit,A12
94ff55f,src/akasha/storage/checksum.mojo,54,BinaryWriter.write_f32,Mojo,discussed_in_audit,A12
94ff55f,src/akasha/storage/checksum.mojo,57,BinaryWriter.write_f64,Mojo,discussed_in_audit,A12
94ff55f,src/akasha/storage/checksum.mojo,60,BinaryWriter.write_bytes,Mojo,discussed_in_audit,A06;A12
94ff55f,src/akasha/storage/checksum.mojo,64,BinaryWriter.take_bytes,Mojo,discussed_in_audit,A12
94ff55f,src/akasha/storage/checksum.mojo,76,BinaryReader.__init__,Mojo,discussed_in_audit,A12;Z06
94ff55f,src/akasha/storage/checksum.mojo,80,BinaryReader.remaining,Mojo,discussed_in_audit,A12
94ff55f,src/akasha/storage/checksum.mojo,83,BinaryReader.position,Mojo,discussed_in_audit,A12
94ff55f,src/akasha/storage/checksum.mojo,86,BinaryReader.read_u8,Mojo,discussed_in_audit,A12
94ff55f,src/akasha/storage/checksum.mojo,92,BinaryReader.read_u16,Mojo,discussed_in_audit,A12
94ff55f,src/akasha/storage/checksum.mojo,100,BinaryReader.read_u32,Mojo,discussed_in_audit,A12
94ff55f,src/akasha/storage/checksum.mojo,108,BinaryReader.read_u64,Mojo,discussed_in_audit,A12
94ff55f,src/akasha/storage/checksum.mojo,116,BinaryReader.read_i64,Mojo,discussed_in_audit,A12
94ff55f,src/akasha/storage/checksum.mojo,119,BinaryReader.read_f32,Mojo,discussed_in_audit,A12
94ff55f,src/akasha/storage/checksum.mojo,122,BinaryReader.read_f64,Mojo,discussed_in_audit,A12
94ff55f,src/akasha/storage/checksum.mojo,125,BinaryReader.read_bytes,Mojo,discussed_in_audit,A12;Z06
94ff55f,src/akasha/storage/checksum.mojo,133,BinaryReader._require,Mojo,discussed_in_audit,A12
94ff55f,src/akasha/storage/collection_config.mojo,27,_CollectionConfigPublishOps.remove_temp,Mojo,inventory_only,
94ff55f,src/akasha/storage/collection_config.mojo,30,_CollectionConfigPublishOps.write_temp,Mojo,inventory_only,
94ff55f,src/akasha/storage/collection_config.mojo,35,_CollectionConfigPublishOps.replace_temp,Mojo,inventory_only,
94ff55f,src/akasha/storage/collection_config.mojo,40,_CollectionConfigPublishOps.sync_parent,Mojo,inventory_only,
94ff55f,src/akasha/storage/collection_config.mojo,45,_FilesystemPublishOps.__init__,Mojo,inventory_only,
94ff55f,src/akasha/storage/collection_config.mojo,48,_FilesystemPublishOps.remove_temp,Mojo,inventory_only,
94ff55f,src/akasha/storage/collection_config.mojo,51,_FilesystemPublishOps.write_temp,Mojo,inventory_only,
94ff55f,src/akasha/storage/collection_config.mojo,56,_FilesystemPublishOps.replace_temp,Mojo,inventory_only,
94ff55f,src/akasha/storage/collection_config.mojo,61,_FilesystemPublishOps.sync_parent,Mojo,inventory_only,
94ff55f,src/akasha/storage/collection_config.mojo,65,encode_collection_config,Mojo,inventory_only,
94ff55f,src/akasha/storage/collection_config.mojo,104,decode_collection_config_bytes,Mojo,inventory_only,
94ff55f,src/akasha/storage/collection_config.mojo,168,publish_collection_config,Mojo,inventory_only,
94ff55f,src/akasha/storage/collection_config.mojo,176,_publish_collection_config_with_ops,Mojo,inventory_only,
94ff55f,src/akasha/storage/collection_config.mojo,210,load_collection_config,Mojo,inventory_only,
94ff55f,src/akasha/storage/collection_config.mojo,216,collection_config_exists,Mojo,inventory_only,
94ff55f,src/akasha/storage/collection_config.mojo,220,_read_u32_at,Mojo,inventory_only,
94ff55f,src/akasha/storage/committed_compaction.mojo,35,CommittedCompactionResult.__init__,Mojo,discussed_in_audit,L03;L05;L06
94ff55f,src/akasha/storage/committed_compaction.mojo,46,CommittedCompactionResult.no_change,Mojo,discussed_in_audit,L03;L05;L06
94ff55f,src/akasha/storage/committed_compaction.mojo,50,compact_committed_segments,Mojo,discussed_in_audit,L03;L05;L06
94ff55f,src/akasha/storage/committed_compaction.mojo,148,_load_dense,Mojo,discussed_in_audit,L03;L05;L06
94ff55f,src/akasha/storage/committed_compaction.mojo,176,_load_sparse,Mojo,discussed_in_audit,L03;L05;L06
94ff55f,src/akasha/storage/compaction.mojo,9,CompactionPolicy.__init__,Mojo,inventory_only,
94ff55f,src/akasha/storage/compaction.mojo,14,CompactionPolicy.level_zero_count,Mojo,inventory_only,
94ff55f,src/akasha/storage/compaction.mojo,21,CompactionPolicy.should_compact,Mojo,inventory_only,
94ff55f,src/akasha/storage/filesystem.mojo,10,_DurableDirectoryOps.exists,Mojo,inventory_only,
94ff55f,src/akasha/storage/filesystem.mojo,13,_DurableDirectoryOps.make,Mojo,inventory_only,
94ff55f,src/akasha/storage/filesystem.mojo,16,_DurableDirectoryOps.sync,Mojo,inventory_only,
94ff55f,src/akasha/storage/filesystem.mojo,21,_FilesystemDirectoryOps.__init__,Mojo,inventory_only,
94ff55f,src/akasha/storage/filesystem.mojo,24,_FilesystemDirectoryOps.exists,Mojo,inventory_only,
94ff55f,src/akasha/storage/filesystem.mojo,27,_FilesystemDirectoryOps.make,Mojo,inventory_only,
94ff55f,src/akasha/storage/filesystem.mojo,30,_FilesystemDirectoryOps.sync,Mojo,inventory_only,
94ff55f,src/akasha/storage/filesystem.mojo,34,path_exists,Mojo,inventory_only,
94ff55f,src/akasha/storage/filesystem.mojo,38,ensure_directory,Mojo,inventory_only,
94ff55f,src/akasha/storage/filesystem.mojo,42,ensure_durable_directory,Mojo,inventory_only,
94ff55f,src/akasha/storage/filesystem.mojo,58,_ensure_durable_directory_with_ops,Mojo,inventory_only,
94ff55f,src/akasha/storage/filesystem.mojo,72,read_file_bytes,Mojo,discussed_in_audit,A09
94ff55f,src/akasha/storage/filesystem.mojo,79,read_file_bytes_bounded,Mojo,discussed_in_audit,A09
94ff55f,src/akasha/storage/filesystem.mojo,95,write_file_sync,Mojo,discussed_in_audit,A09
94ff55f,src/akasha/storage/filesystem.mojo,102,append_file_sync,Mojo,discussed_in_audit,A09
94ff55f,src/akasha/storage/filesystem.mojo,109,remove_file_if_exists,Mojo,inventory_only,
94ff55f,src/akasha/storage/filesystem.mojo,114,remove_file_and_sync_directory_if_exists,Mojo,inventory_only,
94ff55f,src/akasha/storage/filesystem.mojo,124,atomic_replace,Mojo,discussed_in_audit,A13;L06
94ff55f,src/akasha/storage/filesystem.mojo,135,sync_directory,Mojo,discussed_in_audit,A13;L06
94ff55f,src/akasha/storage/filesystem.mojo,141,_sync_descriptor,Mojo,discussed_in_audit,A13;L06
94ff55f,src/akasha/storage/filesystem.mojo,147,_parent_directory,Mojo,discussed_in_audit,A10
94ff55f,src/akasha/storage/generation_pins.mojo,8,_GenerationPin.__init__,Mojo,discussed_in_audit,L02
94ff55f,src/akasha/storage/generation_pins.mojo,19,GenerationPinRegistry.__init__,Mojo,discussed_in_audit,L02
94ff55f,src/akasha/storage/generation_pins.mojo,23,GenerationPinRegistry.pin,Mojo,discussed_in_audit,L02
94ff55f,src/akasha/storage/generation_pins.mojo,31,GenerationPinRegistry.unpin,Mojo,discussed_in_audit,L02
94ff55f,src/akasha/storage/generation_pins.mojo,42,GenerationPinRegistry.has_pin_at_or_before,Mojo,discussed_in_audit,L02
94ff55f,src/akasha/storage/generation_pins.mojo,52,GenerationPinRegistry.active_count,Mojo,discussed_in_audit,L02
94ff55f,src/akasha/storage/hnsw_store.mojo,58,HnswSnapshotInfo.__init__,Mojo,inventory_only,
94ff55f,src/akasha/storage/hnsw_store.mojo,87,HnswSnapshotEligibility.__init__,Mojo,inventory_only,
94ff55f,src/akasha/storage/hnsw_store.mojo,106,HnswMappedSnapshotLoad.__init__,Mojo,inventory_only,
94ff55f,src/akasha/storage/hnsw_store.mojo,110,HnswMappedSnapshotLoad.hit,Mojo,inventory_only,
94ff55f,src/akasha/storage/hnsw_store.mojo,113,HnswMappedSnapshotLoad.stale,Mojo,inventory_only,
94ff55f,src/akasha/storage/hnsw_store.mojo,116,HnswMappedSnapshotLoad.mapping_failed,Mojo,inventory_only,
94ff55f,src/akasha/storage/hnsw_store.mojo,119,HnswMappedSnapshotLoad.take_view,Mojo,inventory_only,
94ff55f,src/akasha/storage/hnsw_store.mojo,137,_DecodedNodes.__init__,Mojo,inventory_only,
94ff55f,src/akasha/storage/hnsw_store.mojo,147,encode_hnsw_snapshot,Mojo,inventory_only,
94ff55f,src/akasha/storage/hnsw_store.mojo,328,hnsw_snapshot_max_bytes,Mojo,inventory_only,
94ff55f,src/akasha/storage/hnsw_store.mojo,333,hnsw_snapshot_eligibility,Mojo,inventory_only,
94ff55f,src/akasha/storage/hnsw_store.mojo,424,decode_hnsw_snapshot_owned,Mojo,inventory_only,
94ff55f,src/akasha/storage/hnsw_store.mojo,807,write_hnsw_snapshot,Mojo,inventory_only,
94ff55f,src/akasha/storage/hnsw_store.mojo,826,read_hnsw_snapshot_owned,Mojo,inventory_only,
94ff55f,src/akasha/storage/hnsw_store.mojo,835,open_hnsw_snapshot_view,Mojo,inventory_only,
94ff55f,src/akasha/storage/hnsw_store.mojo,846,try_open_compatible_hnsw_snapshot_view,Mojo,inventory_only,
94ff55f,src/akasha/storage/hnsw_store.mojo,891,_open_hnsw_snapshot_view_from_mapping,Mojo,inventory_only,
94ff55f,src/akasha/storage/hnsw_store.mojo,1073,try_read_compatible_hnsw_snapshot_owned,Mojo,inventory_only,
94ff55f,src/akasha/storage/hnsw_store.mojo,1106,hnsw_snapshot_identity_matches,Mojo,inventory_only,
94ff55f,src/akasha/storage/hnsw_store.mojo,1128,_mapped_hnsw_snapshot_identity_matches,Mojo,inventory_only,
94ff55f,src/akasha/storage/hnsw_store.mojo,1150,_slot_flag,Mojo,inventory_only,
94ff55f,src/akasha/storage/hnsw_store.mojo,1160,_require_v1_config,Mojo,inventory_only,
94ff55f,src/akasha/storage/hnsw_store.mojo,1168,_require_snapshot_config,Mojo,inventory_only,
94ff55f,src/akasha/storage/hnsw_store.mojo,1174,_snapshot_version,Mojo,inventory_only,
94ff55f,src/akasha/storage/hnsw_store.mojo,1186,_snapshot_header_bytes,Mojo,inventory_only,
94ff55f,src/akasha/storage/hnsw_store.mojo,1194,_snapshot_vector_width,Mojo,inventory_only,
94ff55f,src/akasha/storage/hnsw_store.mojo,1204,_snapshot_scale_width,Mojo,inventory_only,
94ff55f,src/akasha/storage/hnsw_store.mojo,1210,_graph_i8_scale,Mojo,inventory_only,
94ff55f,src/akasha/storage/hnsw_store.mojo,1218,_copy_graph_vector,Mojo,inventory_only,
94ff55f,src/akasha/storage/hnsw_store.mojo,1225,_validate_snapshot_graph_vectors,Mojo,inventory_only,
94ff55f,src/akasha/storage/hnsw_store.mojo,1244,_count_directed_edges,Mojo,inventory_only,
94ff55f,src/akasha/storage/hnsw_store.mojo,1255,_checked_add_u64,Mojo,inventory_only,
94ff55f,src/akasha/storage/hnsw_store.mojo,1261,_checked_mul_u64,Mojo,inventory_only,
94ff55f,src/akasha/storage/hnsw_store.mojo,1267,_align8,Mojo,inventory_only,
94ff55f,src/akasha/storage/hnsw_store.mojo,1274,_require_supported_file_length,Mojo,inventory_only,
94ff55f,src/akasha/storage/hnsw_store.mojo,1279,_validate_decode_allocation,Mojo,inventory_only,
94ff55f,src/akasha/storage/hnsw_store.mojo,1298,_validate_hnsw_snapshot_header_allocation,Mojo,inventory_only,
94ff55f,src/akasha/storage/hnsw_store.mojo,1318,_validate_decode_peak,Mojo,inventory_only,
94ff55f,src/akasha/storage/hnsw_store.mojo,1372,_bounded_count,Mojo,inventory_only,
94ff55f,src/akasha/storage/hnsw_store.mojo,1378,_validate_section_layout,Mojo,inventory_only,
94ff55f,src/akasha/storage/hnsw_store.mojo,1431,_write_magic,Mojo,inventory_only,
94ff55f,src/akasha/storage/hnsw_store.mojo,1438,_read_magic,Mojo,inventory_only,
94ff55f,src/akasha/storage/hnsw_store.mojo,1448,_write_zeros,Mojo,inventory_only,
94ff55f,src/akasha/storage/hnsw_store.mojo,1453,_read_zero_padding,Mojo,inventory_only,
94ff55f,src/akasha/storage/hnsw_store.mojo,1459,_read_u32_at,Mojo,inventory_only,
94ff55f,src/akasha/storage/hnsw_store.mojo,1468,_read_u16_at,Mojo,inventory_only,
94ff55f,src/akasha/storage/hnsw_store.mojo,1472,_read_u64_at,Mojo,inventory_only,
94ff55f,src/akasha/storage/hnsw_store.mojo,1485,_mapped_u16,Mojo,inventory_only,
94ff55f,src/akasha/storage/hnsw_store.mojo,1491,_mapped_u32,Mojo,inventory_only,
94ff55f,src/akasha/storage/hnsw_store.mojo,1498,_mapped_u64,Mojo,inventory_only,
94ff55f,src/akasha/storage/hnsw_store.mojo,1505,_validate_mapped_zero_padding,Mojo,inventory_only,
94ff55f,src/akasha/storage/index_cache.mojo,36,CacheArtifact.__init__,Mojo,inventory_only,
94ff55f,src/akasha/storage/index_cache.mojo,55,encode_cache,Mojo,inventory_only,
94ff55f,src/akasha/storage/index_cache.mojo,81,decode_cache_bytes,Mojo,inventory_only,
94ff55f,src/akasha/storage/index_cache.mojo,132,publish_cache,Mojo,inventory_only,
94ff55f,src/akasha/storage/index_cache.mojo,143,load_cache_payload,Mojo,inventory_only,
94ff55f,src/akasha/storage/index_cache.mojo,169,authoritative_index_checksum,Mojo,inventory_only,
94ff55f,src/akasha/storage/index_cache.mojo,189,_validate_header,Mojo,inventory_only,
94ff55f,src/akasha/storage/index_cache.mojo,198,_validate_cache_name,Mojo,inventory_only,
94ff55f,src/akasha/storage/lock.mojo,16,CollectionLock.__init__,Mojo,discussed_in_audit,A13
94ff55f,src/akasha/storage/lock.mojo,21,CollectionLock.acquire,Mojo,discussed_in_audit,A13
94ff55f,src/akasha/storage/lock.mojo,33,CollectionLock.close,Mojo,discussed_in_audit,A13
94ff55f,src/akasha/storage/lock.mojo,42,CollectionLock.__deinit__,Mojo,discussed_in_audit,A13
94ff55f,src/akasha/storage/maintenance.mojo,23,_MaintenanceState.__init__,Mojo,discussed_in_audit,L03;L05
94ff55f,src/akasha/storage/maintenance.mojo,41,_MaintenanceState.record_success,Mojo,discussed_in_audit,L03;L05
94ff55f,src/akasha/storage/maintenance.mojo,47,_MaintenanceState.record_failure,Mojo,discussed_in_audit,L03;L05
94ff55f,src/akasha/storage/maintenance.mojo,52,_MaintenanceState.failure,Mojo,discussed_in_audit,L03;L05
94ff55f,src/akasha/storage/maintenance.mojo,56,_MaintenanceState.runs,Mojo,discussed_in_audit,L03;L05
94ff55f,src/akasha/storage/maintenance.mojo,61,_maintenance_entry,Mojo,discussed_in_audit,L03;L05
94ff55f,src/akasha/storage/maintenance.mojo,91,MaintenanceController.__init__,Mojo,discussed_in_audit,L03;L05
94ff55f,src/akasha/storage/maintenance.mojo,103,MaintenanceController.start,Mojo,discussed_in_audit,L03;L05
94ff55f,src/akasha/storage/maintenance.mojo,134,MaintenanceController.__deinit__,Mojo,discussed_in_audit,L03;L05
94ff55f,src/akasha/storage/maintenance.mojo,141,MaintenanceController.enabled,Mojo,discussed_in_audit,L03;L05
94ff55f,src/akasha/storage/maintenance.mojo,144,MaintenanceController.request,Mojo,discussed_in_audit,L03;L05
94ff55f,src/akasha/storage/maintenance.mojo,150,MaintenanceController.wait,Mojo,discussed_in_audit,L03;L05
94ff55f,src/akasha/storage/maintenance.mojo,160,MaintenanceController.close,Mojo,discussed_in_audit,L03;L05
94ff55f,src/akasha/storage/maintenance.mojo,173,MaintenanceController.check,Mojo,discussed_in_audit,L03;L05
94ff55f,src/akasha/storage/maintenance.mojo,176,MaintenanceController._raise_failure,Mojo,discussed_in_audit,L03;L05
94ff55f,src/akasha/storage/manifest.mojo,53,SegmentDescriptor.__init__,Mojo,inventory_only,
94ff55f,src/akasha/storage/manifest.mojo,76,SegmentDescriptor.with_sparse,Mojo,inventory_only,
94ff55f,src/akasha/storage/manifest.mojo,94,SegmentDescriptor.clone,Mojo,inventory_only,
94ff55f,src/akasha/storage/manifest.mojo,129,Manifest.__init__,Mojo,inventory_only,
94ff55f,src/akasha/storage/manifest.mojo,161,Manifest.with_segments,Mojo,inventory_only,
94ff55f,src/akasha/storage/manifest.mojo,187,Manifest.with_hnsw,Mojo,inventory_only,
94ff55f,src/akasha/storage/manifest.mojo,210,encode_manifest,Mojo,inventory_only,
94ff55f,src/akasha/storage/manifest.mojo,241,encode_manifest_v2,Mojo,inventory_only,
94ff55f,src/akasha/storage/manifest.mojo,247,encode_manifest_v3,Mojo,inventory_only,
94ff55f,src/akasha/storage/manifest.mojo,252,_encode_multi_manifest,Mojo,inventory_only,
94ff55f,src/akasha/storage/manifest.mojo,317,decode_manifest_bytes,Mojo,inventory_only,
94ff55f,src/akasha/storage/manifest.mojo,380,publish_manifest,Mojo,inventory_only,
94ff55f,src/akasha/storage/manifest.mojo,403,load_manifest,Mojo,inventory_only,
94ff55f,src/akasha/storage/manifest.mojo,423,_decode_manifest_v1,Mojo,inventory_only,
94ff55f,src/akasha/storage/manifest.mojo,443,_decode_manifest_multi,Mojo,inventory_only,
94ff55f,src/akasha/storage/manifest.mojo,545,_validate_manifest_segments,Mojo,inventory_only,
94ff55f,src/akasha/storage/manifest.mojo,579,_finish_manifest,Mojo,inventory_only,
94ff55f,src/akasha/storage/manifest.mojo,588,_validate_hnsw_reference,Mojo,inventory_only,
94ff55f,src/akasha/storage/manifest.mojo,612,_validate_manifest_names,Mojo,inventory_only,
94ff55f,src/akasha/storage/manifest.mojo,624,_validate_safe_filename,Mojo,inventory_only,
94ff55f,src/akasha/storage/manifest.mojo,634,_read_u16_at,Mojo,inventory_only,
94ff55f,src/akasha/storage/manifest.mojo,638,_read_u32_at,Mojo,inventory_only,
94ff55f,src/akasha/storage/mapped_file.mojo,49,MappedFile.__init__,Mojo,discussed_in_audit,A13
94ff55f,src/akasha/storage/mapped_file.mojo,56,MappedFile.__init__,Mojo,discussed_in_audit,A13
94ff55f,src/akasha/storage/mapped_file.mojo,64,MappedFile.open_readonly,Mojo,discussed_in_audit,A13
94ff55f,src/akasha/storage/mapped_file.mojo,156,MappedFile.__deinit__,Mojo,discussed_in_audit,A13
94ff55f,src/akasha/storage/mapped_file.mojo,159,MappedFile.byte_length,Mojo,discussed_in_audit,A13
94ff55f,src/akasha/storage/mapped_file.mojo,163,MappedFile.byte_at,Mojo,discussed_in_audit,A13
94ff55f,src/akasha/storage/mapped_file.mojo,170,MappedFile.checked_slice,Mojo,discussed_in_audit,A13
94ff55f,src/akasha/storage/mapped_file.mojo,183,MappedFile.close,Mojo,discussed_in_audit,A13
94ff55f,src/akasha/storage/mapped_file.mojo,188,MappedFile._descriptor_for_testing,Mojo,discussed_in_audit,A13
94ff55f,src/akasha/storage/mapped_file.mojo,193,MappedFile._is_open,Mojo,discussed_in_audit,A13
94ff55f,src/akasha/storage/mapped_file.mojo,197,MappedFile._ensure_open,Mojo,discussed_in_audit,A13
94ff55f,src/akasha/storage/mapped_file.mojo,201,MappedFile._close,Mojo,discussed_in_audit,A13
94ff55f,src/akasha/storage/mapped_file.mojo,224,MappedBytes.__init__,Mojo,discussed_in_audit,A13
94ff55f,src/akasha/storage/mapped_file.mojo,234,MappedBytes.byte_length,Mojo,discussed_in_audit,A13
94ff55f,src/akasha/storage/mapped_file.mojo,237,MappedBytes.byte_at,Mojo,discussed_in_audit,A13
94ff55f,src/akasha/storage/memtable.mojo,19,MemTableEntry.__init__,Mojo,inventory_only,
94ff55f,src/akasha/storage/memtable.mojo,33,MemTableEntry.with_fields,Mojo,inventory_only,
94ff55f,src/akasha/storage/memtable.mojo,45,MemTableEntry.clone,Mojo,discussed_in_audit,Z01;Z02
94ff55f,src/akasha/storage/memtable.mojo,66,MemTable.__init__,Mojo,inventory_only,
94ff55f,src/akasha/storage/memtable.mojo,75,MemTable.entry_count,Mojo,inventory_only,
94ff55f,src/akasha/storage/memtable.mojo,78,MemTable.live_count,Mojo,inventory_only,
94ff55f,src/akasha/storage/memtable.mojo,82,MemTable.ordinal_for,Mojo,inventory_only,
94ff55f,src/akasha/storage/memtable.mojo,87,MemTable.entry_view,Mojo,inventory_only,
94ff55f,src/akasha/storage/memtable.mojo,91,MemTable.live_ordinals,Mojo,inventory_only,
94ff55f,src/akasha/storage/memtable.mojo,105,MemTable.clone,Mojo,discussed_in_audit,Z01;Z02
94ff55f,src/akasha/storage/memtable.mojo,115,MemTable.slot_count,Mojo,inventory_only,
94ff55f,src/akasha/storage/memtable.mojo,119,MemTable.id_at,Mojo,inventory_only,
94ff55f,src/akasha/storage/memtable.mojo,124,MemTable.is_live_at,Mojo,inventory_only,
94ff55f,src/akasha/storage/memtable.mojo,129,MemTable.entry_ref_at,Mojo,inventory_only,
94ff55f,src/akasha/storage/memtable.mojo,136,MemTable.entry_at,Mojo,discussed_in_audit,Z05
94ff55f,src/akasha/storage/memtable.mojo,142,MemTable.apply_upsert,Mojo,inventory_only,
94ff55f,src/akasha/storage/memtable.mojo,148,MemTable.apply_document_upsert,Mojo,inventory_only,
94ff55f,src/akasha/storage/memtable.mojo,180,MemTable.apply_delete,Mojo,inventory_only,
94ff55f,src/akasha/storage/memtable.mojo,200,MemTable.get,Mojo,discussed_in_audit,Z05
94ff55f,src/akasha/storage/memtable.mojo,214,MemTable.live_entries,Mojo,discussed_in_audit,Z01;Z02
94ff55f,src/akasha/storage/memtable.mojo,222,MemTable.entries_after,Mojo,discussed_in_audit,Z01;Z02
94ff55f,src/akasha/storage/memtable.mojo,233,MemTable._owned_entries_in_id_order,Mojo,discussed_in_audit,Z01;Z02
94ff55f,src/akasha/storage/memtable.mojo,242,MemTable.apply_recovered_entries,Mojo,inventory_only,
94ff55f,src/akasha/storage/memtable.mojo,304,MemTable._validate_ordinal,Mojo,inventory_only,
94ff55f,src/akasha/storage/memtable.mojo,308,MemTable._advance_sequence,Mojo,inventory_only,
94ff55f,src/akasha/storage/memtable.mojo,313,_clone_vector,Mojo,discussed_in_audit,A05
94ff55f,src/akasha/storage/native_worker.mojo,12,NativeWorker.__init__,Mojo,discussed_in_audit,A14;L01
94ff55f,src/akasha/storage/native_worker.mojo,23,NativeWorker.open,Mojo,discussed_in_audit,A14;L01
94ff55f,src/akasha/storage/native_worker.mojo,40,NativeWorker.__deinit__,Mojo,discussed_in_audit,A14;L01
94ff55f,src/akasha/storage/native_worker.mojo,50,NativeWorker.request,Mojo,discussed_in_audit,A14;L01
94ff55f,src/akasha/storage/native_worker.mojo,63,NativeWorker.pending_count,Mojo,discussed_in_audit,A14;L01
94ff55f,src/akasha/storage/native_worker.mojo,71,NativeWorker.is_running,Mojo,discussed_in_audit,A14;L01
94ff55f,src/akasha/storage/native_worker.mojo,79,NativeWorker.drain,Mojo,discussed_in_audit,A14;L01
94ff55f,src/akasha/storage/native_worker.mojo,87,NativeWorker.close,Mojo,discussed_in_audit,A14;L01
94ff55f,src/akasha/storage/native_worker.mojo,97,NativeWorker.is_closed,Mojo,discussed_in_audit,A14;L01
94ff55f,src/akasha/storage/operations.mojo,42,StorageInspection.__init__,Mojo,inventory_only,
94ff55f,src/akasha/storage/operations.mojo,66,inspect_storage,Mojo,inventory_only,
94ff55f,src/akasha/storage/operations.mojo,133,backup_storage,Mojo,discussed_in_audit,A09;Z07
94ff55f,src/akasha/storage/operations.mojo,172,restore_storage,Mojo,inventory_only,
94ff55f,src/akasha/storage/operations.mojo,179,_copy_immutable,Mojo,discussed_in_audit,A09;Z07
94ff55f,src/akasha/storage/retired_files.mojo,10,RetiredFileBatch.__init__,Mojo,discussed_in_audit,A06;L02
94ff55f,src/akasha/storage/retired_files.mojo,14,RetiredFileBatch.clone,Mojo,discussed_in_audit,A06;L02
94ff55f,src/akasha/storage/retired_files.mojo,29,RetiredFileQueue.__init__,Mojo,discussed_in_audit,A06;L02
94ff55f,src/akasha/storage/retired_files.mojo,32,RetiredFileQueue.retire_or_reclaim,Mojo,discussed_in_audit,A06;L02
94ff55f,src/akasha/storage/retired_files.mojo,50,RetiredFileQueue.reclaim,Mojo,discussed_in_audit,A06;L02
94ff55f,src/akasha/storage/retired_files.mojo,72,RetiredFileQueue.pending_batch_count,Mojo,discussed_in_audit,A06;L02
94ff55f,src/akasha/storage/segment.mojo,36,SegmentSnapshot.__init__,Mojo,inventory_only,
94ff55f,src/akasha/storage/segment.mojo,55,encode_segment,Mojo,inventory_only,
94ff55f,src/akasha/storage/segment.mojo,83,encode_segment_v3,Mojo,inventory_only,
94ff55f,src/akasha/storage/segment.mojo,119,decode_segment_bytes,Mojo,inventory_only,
94ff55f,src/akasha/storage/segment.mojo,244,write_segment,Mojo,inventory_only,
94ff55f,src/akasha/storage/segment.mojo,256,write_segment_v3,Mojo,inventory_only,
94ff55f,src/akasha/storage/segment.mojo,272,read_segment,Mojo,inventory_only,
94ff55f,src/akasha/storage/segment.mojo,277,_validate_entries,Mojo,inventory_only,
94ff55f,src/akasha/storage/segment.mojo,307,_write_prefix,Mojo,inventory_only,
94ff55f,src/akasha/storage/segment.mojo,324,_write_live_body,Mojo,inventory_only,
94ff55f,src/akasha/storage/segment.mojo,332,_finish_segment,Mojo,inventory_only,
94ff55f,src/akasha/storage/segment.mojo,341,_read_u32_at,Mojo,inventory_only,
94ff55f,src/akasha/storage/sparse_store.mojo,37,SparseWalRecord.__init__,Mojo,inventory_only,
94ff55f,src/akasha/storage/sparse_store.mojo,50,SparseWalRecord.upsert,Mojo,inventory_only,
94ff55f,src/akasha/storage/sparse_store.mojo,56,SparseWalRecord.delete,Mojo,inventory_only,
94ff55f,src/akasha/storage/sparse_store.mojo,59,SparseWalRecord.clone,Mojo,inventory_only,
94ff55f,src/akasha/storage/sparse_store.mojo,73,SparseSegment.__init__,Mojo,inventory_only,
94ff55f,src/akasha/storage/sparse_store.mojo,88,latest_sparse_records,Mojo,inventory_only,
94ff55f,src/akasha/storage/sparse_store.mojo,123,write_sparse_segment,Mojo,inventory_only,
94ff55f,src/akasha/storage/sparse_store.mojo,136,encode_sparse_segment,Mojo,inventory_only,
94ff55f,src/akasha/storage/sparse_store.mojo,189,read_sparse_segment,Mojo,inventory_only,
94ff55f,src/akasha/storage/sparse_store.mojo,257,SparseWalReplayState.__init__,Mojo,inventory_only,
94ff55f,src/akasha/storage/sparse_store.mojo,269,SparseWalReplayState.needs_repair,Mojo,inventory_only,
94ff55f,src/akasha/storage/sparse_store.mojo,272,SparseWalReplayState.take_records,Mojo,inventory_only,
94ff55f,src/akasha/storage/sparse_store.mojo,276,write_sparse_snapshot,Mojo,inventory_only,
94ff55f,src/akasha/storage/sparse_store.mojo,285,encode_sparse_snapshot,Mojo,inventory_only,
94ff55f,src/akasha/storage/sparse_store.mojo,316,read_sparse_snapshot,Mojo,inventory_only,
94ff55f,src/akasha/storage/sparse_store.mojo,349,append_sparse_wal,Mojo,inventory_only,
94ff55f,src/akasha/storage/sparse_store.mojo,354,encode_sparse_wal_record,Mojo,inventory_only,
94ff55f,src/akasha/storage/sparse_store.mojo,376,recover_sparse_wal,Mojo,inventory_only,
94ff55f,src/akasha/storage/sparse_store.mojo,382,preflight_sparse_wal,Mojo,inventory_only,
94ff55f,src/akasha/storage/sparse_store.mojo,403,repair_sparse_wal_tail,Mojo,inventory_only,
94ff55f,src/akasha/storage/sparse_store.mojo,411,decode_sparse_wal_bytes,Mojo,inventory_only,
94ff55f,src/akasha/storage/sparse_store.mojo,437,rotate_sparse_wal,Mojo,inventory_only,
94ff55f,src/akasha/storage/sparse_store.mojo,445,_decode_sparse_wal_record,Mojo,inventory_only,
94ff55f,src/akasha/storage/sparse_store.mojo,470,_write_elements,Mojo,inventory_only,
94ff55f,src/akasha/storage/sparse_store.mojo,476,_read_elements,Mojo,inventory_only,
94ff55f,src/akasha/storage/sparse_store.mojo,490,_write_magic,Mojo,inventory_only,
94ff55f,src/akasha/storage/sparse_store.mojo,497,_read_magic,Mojo,inventory_only,
94ff55f,src/akasha/storage/sparse_store.mojo,507,_finish_checksum,Mojo,inventory_only,
94ff55f,src/akasha/storage/sparse_store.mojo,516,_validate_checksum,Mojo,inventory_only,
94ff55f,src/akasha/storage/sparse_store.mojo,524,_has_magic,Mojo,inventory_only,
94ff55f,src/akasha/storage/sparse_store.mojo,533,_read_u32_at,Mojo,inventory_only,
94ff55f,src/akasha/storage/wal.mojo,48,WalRecord.__init__,Mojo,inventory_only,
94ff55f,src/akasha/storage/wal.mojo,62,WalRecord.with_fields,Mojo,inventory_only,
94ff55f,src/akasha/storage/wal.mojo,74,WalRecord.upsert,Mojo,inventory_only,
94ff55f,src/akasha/storage/wal.mojo,80,WalRecord.delete,Mojo,inventory_only,
94ff55f,src/akasha/storage/wal.mojo,84,WalRecord.document_upsert,Mojo,inventory_only,
94ff55f,src/akasha/storage/wal.mojo,101,WalReplayState.__init__,Mojo,inventory_only,
94ff55f,src/akasha/storage/wal.mojo,113,WalReplayState.needs_repair,Mojo,inventory_only,
94ff55f,src/akasha/storage/wal.mojo,116,WalReplayState.take_records,Mojo,inventory_only,
94ff55f,src/akasha/storage/wal.mojo,120,encode_upsert,Mojo,inventory_only,
94ff55f,src/akasha/storage/wal.mojo,132,encode_document_upsert,Mojo,inventory_only,
94ff55f,src/akasha/storage/wal.mojo,144,encode_delete,Mojo,inventory_only,
94ff55f,src/akasha/storage/wal.mojo,154,append_wal,Mojo,discussed_in_audit,A18;L06
94ff55f,src/akasha/storage/wal.mojo,169,append_wal_batch,Mojo,discussed_in_audit,A18;L06
94ff55f,src/akasha/storage/wal.mojo,177,encode_batch,Mojo,inventory_only,
94ff55f,src/akasha/storage/wal.mojo,244,rotate_wal,Mojo,discussed_in_audit,A18;L06
94ff55f,src/akasha/storage/wal.mojo,254,replay_wal,Mojo,inventory_only,
94ff55f,src/akasha/storage/wal.mojo,259,recover_wal,Mojo,discussed_in_audit,A18;L06
94ff55f,src/akasha/storage/wal.mojo,266,preflight_wal,Mojo,discussed_in_audit,A12;Z06
94ff55f,src/akasha/storage/wal.mojo,284,repair_wal_tail,Mojo,discussed_in_audit,A18;L06
94ff55f,src/akasha/storage/wal.mojo,290,decode_wal_bytes,Mojo,discussed_in_audit,A12;Z06
94ff55f,src/akasha/storage/wal.mojo,339,_decode_batch,Mojo,discussed_in_audit,A12;Z06
94ff55f,src/akasha/storage/wal.mojo,414,_encode_record,Mojo,inventory_only,
94ff55f,src/akasha/storage/wal.mojo,458,_decode_record,Mojo,discussed_in_audit,A12;Z06
94ff55f,src/akasha/storage/wal.mojo,513,_has_magic,Mojo,inventory_only,
94ff55f,src/akasha/storage/wal.mojo,522,_read_u32_at,Mojo,inventory_only,
94ff55f,src/akasha/storage/wal.mojo,531,_copy_range,Mojo,discussed_in_audit,A12;Z06
94ff55f,src/akasha/storage/wal.mojo,538,_valid_prefix_length,Mojo,inventory_only,
94ff55f,src/bindings/arrow_c_data.mojo,26,ArrowArrayDescriptor.__init__,Mojo,discussed_in_audit,A08;Z03
94ff55f,src/bindings/arrow_c_data.mojo,44,ArrowArrayDescriptor.require_non_null,Mojo,discussed_in_audit,A08;Z03
94ff55f,src/bindings/arrow_c_data.mojo,60,ArrowConsumerLease.__init__,Mojo,discussed_in_audit,A08;Z03
94ff55f,src/bindings/arrow_c_data.mojo,64,ArrowConsumerLease.ensure_active,Mojo,discussed_in_audit,A08;Z03
94ff55f,src/bindings/arrow_c_data.mojo,68,ArrowConsumerLease.release,Mojo,discussed_in_audit,A08;Z03
94ff55f,src/bindings/arrow_c_data.mojo,74,ArrowConsumerLease.released,Mojo,discussed_in_audit,A08;Z03
94ff55f,src/bindings/arrow_c_data.mojo,77,ArrowConsumerLease.release_callback_calls,Mojo,discussed_in_audit,A08;Z03
94ff55f,src/bindings/arrow_c_data.mojo,81,validate_fixed_size_vectors,Mojo,discussed_in_audit,A08;Z03
94ff55f,src/bindings/arrow_c_data.mojo,96,validate_sparse_offsets,Mojo,discussed_in_audit,A08;Z03
94ff55f,src/bindings/c_api.mojo,29,_is_null,Mojo,inventory_only,
94ff55f,src/bindings/c_api.mojo,33,_pointer_at,Mojo,inventory_only,
94ff55f,src/bindings/c_api.mojo,43,_load_u64,Mojo,inventory_only,
94ff55f,src/bindings/c_api.mojo,49,_store_u64,Mojo,inventory_only,
94ff55f,src/bindings/c_api.mojo,55,_store_i64,Mojo,inventory_only,
94ff55f,src/bindings/c_api.mojo,61,_store_f32,Mojo,inventory_only,
94ff55f,src/bindings/c_api.mojo,67,_prepare_error,Mojo,inventory_only,
94ff55f,src/bindings/c_api.mojo,81,_write_error,Mojo,inventory_only,
94ff55f,src/bindings/c_api.mojo,96,_invalid,Mojo,inventory_only,
94ff55f,src/bindings/c_api.mojo,103,_engine_error,Mojo,inventory_only,
94ff55f,src/bindings/c_api.mojo,110,_string_from_bytes,Mojo,inventory_only,
94ff55f,src/bindings/c_api.mojo,125,_read_config,Mojo,inventory_only,
94ff55f,src/bindings/c_api.mojo,165,_collection,Mojo,inventory_only,
94ff55f,src/bindings/c_api.mojo,171,_read_vector,Mojo,inventory_only,
94ff55f,src/bindings/c_api.mojo,187,akasha_collection_open,Mojo,inventory_only,
94ff55f,src/bindings/c_api.mojo,228,akasha_collection_close,Mojo,inventory_only,
94ff55f,src/bindings/c_api.mojo,257,akasha_collection_upsert,Mojo,inventory_only,
94ff55f,src/bindings/c_api.mojo,286,akasha_collection_delete,Mojo,inventory_only,
94ff55f,src/bindings/c_api.mojo,304,akasha_collection_flush,Mojo,inventory_only,
94ff55f,src/bindings/c_api.mojo,321,akasha_collection_search,Mojo,inventory_only,
94ff55f,src/bindings/c_api.mojo,406,akasha_collection_last_search_stats,Mojo,inventory_only,
94ff55f,src/bindings/python_module.mojo,31,BoundCollection.__init__,Mojo,inventory_only,
94ff55f,src/bindings/python_module.mojo,34,BoundCollection.write_to,Mojo,inventory_only,
94ff55f,src/bindings/python_module.mojo,37,BoundCollection.write_repr_to,Mojo,inventory_only,
94ff55f,src/bindings/python_module.mojo,41,BoundCollection.py_init,Mojo,inventory_only,
94ff55f,src/bindings/python_module.mojo,83,BoundCollection.close,Mojo,inventory_only,
94ff55f,src/bindings/python_module.mojo,91,BoundCollection.last_sequence,Mojo,inventory_only,
94ff55f,src/bindings/python_module.mojo,97,BoundCollection.collection_config,Mojo,inventory_only,
94ff55f,src/bindings/python_module.mojo,105,BoundCollection.last_search_stats,Mojo,inventory_only,
94ff55f,src/bindings/python_module.mojo,134,BoundCollection.upsert,Mojo,inventory_only,
94ff55f,src/bindings/python_module.mojo,144,BoundCollection.upsert_document,Mojo,inventory_only,
94ff55f,src/bindings/python_module.mojo,158,BoundCollection.apply_batch,Mojo,inventory_only,
94ff55f,src/bindings/python_module.mojo,185,BoundCollection.upsert_sparse,Mojo,inventory_only,
94ff55f,src/bindings/python_module.mojo,195,BoundCollection.delete,Mojo,inventory_only,
94ff55f,src/bindings/python_module.mojo,202,BoundCollection.flush,Mojo,inventory_only,
94ff55f,src/bindings/python_module.mojo,209,BoundCollection.backup_to,Mojo,inventory_only,
94ff55f,src/bindings/python_module.mojo,218,BoundCollection.export_records,Mojo,inventory_only,
94ff55f,src/bindings/python_module.mojo,247,BoundCollection.search_controlled,Mojo,inventory_only,
94ff55f,src/bindings/python_module.mojo,282,BoundCollection.get,Mojo,inventory_only,
94ff55f,src/bindings/python_module.mojo,302,BoundCollection.get_projected,Mojo,inventory_only,
94ff55f,src/bindings/python_module.mojo,321,BoundCollection.apply_arrow_batch,Mojo,discussed_in_audit,A08;Z03
94ff55f,src/bindings/python_module.mojo,396,BoundCollection.search_dot,Mojo,inventory_only,
94ff55f,src/bindings/python_module.mojo,409,BoundCollection.search_l2,Mojo,inventory_only,
94ff55f,src/bindings/python_module.mojo,422,BoundCollection.search_cosine,Mojo,inventory_only,
94ff55f,src/bindings/python_module.mojo,435,BoundCollection.search_batch,Mojo,inventory_only,
94ff55f,src/bindings/python_module.mojo,475,BoundCollection.search_batch_where,Mojo,inventory_only,
94ff55f,src/bindings/python_module.mojo,534,BoundCollection.search_approx,Mojo,inventory_only,
94ff55f,src/bindings/python_module.mojo,562,BoundCollection.search_sparse,Mojo,inventory_only,
94ff55f,src/bindings/python_module.mojo,575,BoundCollection.search_hybrid,Mojo,inventory_only,
94ff55f,src/bindings/python_module.mojo,611,BoundCollection.search_dense_where,Mojo,inventory_only,
94ff55f,src/bindings/python_module.mojo,664,BoundCollection.search_sparse_where,Mojo,inventory_only,
94ff55f,src/bindings/python_module.mojo,680,BoundCollection.search_hybrid_where,Mojo,inventory_only,
94ff55f,src/bindings/python_module.mojo,723,_metric_kind_from_python,Mojo,inventory_only,
94ff55f,src/bindings/python_module.mojo,734,_scalar_kind_from_python,Mojo,inventory_only,
94ff55f,src/bindings/python_module.mojo,747,_collection_config_from_python,Mojo,inventory_only,
94ff55f,src/bindings/python_module.mojo,820,_is_python_none,Mojo,inventory_only,
94ff55f,src/bindings/python_module.mojo,825,_exact_python_int,Mojo,inventory_only,
94ff55f,src/bindings/python_module.mojo,832,_exact_python_int64,Mojo,inventory_only,
94ff55f,src/bindings/python_module.mojo,839,_exact_python_string,Mojo,inventory_only,
94ff55f,src/bindings/python_module.mojo,846,_collection_config_to_python,Mojo,inventory_only,
94ff55f,src/bindings/python_module.mojo,866,validate_collection_config_py,Mojo,inventory_only,
94ff55f,src/bindings/python_module.mojo,877,_ensure_open,Mojo,inventory_only,
94ff55f,src/bindings/python_module.mojo,882,_float_vector,Mojo,discussed_in_audit,A08;Z03
94ff55f,src/bindings/python_module.mojo,889,_float_vectors,Mojo,discussed_in_audit,A08;Z03
94ff55f,src/bindings/python_module.mojo,896,_sparse_vector,Mojo,inventory_only,
94ff55f,src/bindings/python_module.mojo,905,_document_fields,Mojo,inventory_only,
94ff55f,src/bindings/python_module.mojo,932,_filter_expression,Mojo,inventory_only,
94ff55f,src/bindings/python_module.mojo,969,_payload_value,Mojo,inventory_only,
94ff55f,src/bindings/python_module.mojo,981,_field_to_python,Mojo,inventory_only,
94ff55f,src/bindings/python_module.mojo,1003,_document_to_python,Mojo,inventory_only,
94ff55f,src/bindings/python_module.mojo,1022,_results_to_python,Mojo,discussed_in_audit,Z04
94ff55f,src/bindings/python_module.mojo,1033,_storage_report_to_python,Mojo,inventory_only,
94ff55f,src/bindings/python_module.mojo,1054,inspect_storage_py,Mojo,inventory_only,
94ff55f,src/bindings/python_module.mojo,1060,restore_storage_py,Mojo,inventory_only,
94ff55f,src/bindings/python_module.mojo,1069,PyInit__kernel,Mojo,inventory_only,
94ff55f,python/akashadb/admin.py,17,main,Python,inventory_only,
94ff55f,python/akashadb/arrow.py,22,ArrowBatchLease.from_producer,Python,discussed_in_audit,A08;Z03
94ff55f,python/akashadb/arrow.py,34,ArrowBatchLease.released,Python,discussed_in_audit,A08;Z03
94ff55f,python/akashadb/arrow.py,38,ArrowBatchLease.batch,Python,discussed_in_audit,A08;Z03
94ff55f,python/akashadb/arrow.py,43,ArrowBatchLease.release,Python,discussed_in_audit,A08;Z03
94ff55f,python/akashadb/arrow.py,49,ArrowBatchLease.__enter__,Python,discussed_in_audit,A08;Z03
94ff55f,python/akashadb/arrow.py,53,ArrowBatchLease.__exit__,Python,discussed_in_audit,A08;Z03
94ff55f,python/akashadb/arrow.py,57,upsert_record_batch,Python,discussed_in_audit,A08;Z03
94ff55f,python/akashadb/arrow.py,76,results_to_record_batch,Python,discussed_in_audit,Z04
94ff55f,python/akashadb/arrow.py,89,_validated_descriptor,Python,discussed_in_audit,A08;Z03
94ff55f,python/akashadb/arrow.py,217,_primitive_view,Python,discussed_in_audit,A08;Z03
94ff55f,python/akashadb/arrow.py,232,upsert_columns,Python,inventory_only,
94ff55f,python/akashadb/arrow.py,251,results_to_columns,Python,inventory_only,
94ff55f,python/akashadb/arrow.py,259,_to_list,Python,inventory_only,
94ff55f,python/akashadb/database.py,27,KernelCollection.close,Python,inventory_only,
94ff55f,python/akashadb/database.py,28,KernelCollection.last_sequence,Python,inventory_only,
94ff55f,python/akashadb/database.py,29,KernelCollection.collection_config,Python,inventory_only,
94ff55f,python/akashadb/database.py,30,KernelCollection.last_search_stats,Python,inventory_only,
94ff55f,python/akashadb/database.py,31,KernelCollection.upsert,Python,inventory_only,
94ff55f,python/akashadb/database.py,32,KernelCollection.upsert_document,Python,inventory_only,
94ff55f,python/akashadb/database.py,35,KernelCollection.apply_batch,Python,inventory_only,
94ff55f,python/akashadb/database.py,38,KernelCollection.upsert_sparse,Python,inventory_only,
94ff55f,python/akashadb/database.py,39,KernelCollection.delete,Python,inventory_only,
94ff55f,python/akashadb/database.py,40,KernelCollection.flush,Python,inventory_only,
94ff55f,python/akashadb/database.py,41,KernelCollection.get,Python,inventory_only,
94ff55f,python/akashadb/database.py,42,KernelCollection.get_projected,Python,inventory_only,
94ff55f,python/akashadb/database.py,45,KernelCollection.apply_arrow_batch,Python,inventory_only,
94ff55f,python/akashadb/database.py,46,KernelCollection.search_dot,Python,inventory_only,
94ff55f,python/akashadb/database.py,47,KernelCollection.search_l2,Python,inventory_only,
94ff55f,python/akashadb/database.py,48,KernelCollection.search_cosine,Python,inventory_only,
94ff55f,python/akashadb/database.py,49,KernelCollection.search_batch,Python,inventory_only,
94ff55f,python/akashadb/database.py,56,KernelCollection.search_batch_where,Python,inventory_only,
94ff55f,python/akashadb/database.py,64,KernelCollection.search_approx,Python,inventory_only,
94ff55f,python/akashadb/database.py,67,KernelCollection.search_sparse,Python,inventory_only,
94ff55f,python/akashadb/database.py,70,KernelCollection.search_hybrid,Python,inventory_only,
94ff55f,python/akashadb/database.py,77,KernelCollection.search_dense_where,Python,inventory_only,
94ff55f,python/akashadb/database.py,80,KernelCollection.search_sparse_where,Python,inventory_only,
94ff55f,python/akashadb/database.py,83,KernelCollection.search_hybrid_where,Python,inventory_only,
94ff55f,python/akashadb/database.py,90,KernelCollection.backup_to,Python,inventory_only,
94ff55f,python/akashadb/database.py,91,KernelCollection.export_records,Python,inventory_only,
94ff55f,python/akashadb/database.py,92,KernelCollection.search_controlled,Python,inventory_only,
94ff55f,python/akashadb/database.py,101,_kernel_module,Python,inventory_only,
94ff55f,python/akashadb/database.py,110,Collection.__init__,Python,inventory_only,
94ff55f,python/akashadb/database.py,153,Collection._call,Python,inventory_only,
94ff55f,python/akashadb/database.py,165,Collection._record_operation,Python,inventory_only,
94ff55f,python/akashadb/database.py,190,Collection.metrics,Python,inventory_only,
94ff55f,python/akashadb/database.py,200,Collection.traces,Python,inventory_only,
94ff55f,python/akashadb/database.py,203,Collection.close,Python,inventory_only,
94ff55f,python/akashadb/database.py,207,Collection.last_sequence,Python,inventory_only,
94ff55f,python/akashadb/database.py,210,Collection.collection_config,Python,inventory_only,
94ff55f,python/akashadb/database.py,213,Collection.last_search_stats,Python,inventory_only,
94ff55f,python/akashadb/database.py,216,Collection.upsert,Python,inventory_only,
94ff55f,python/akashadb/database.py,229,Collection.upsert_sparse,Python,inventory_only,
94ff55f,python/akashadb/database.py,232,Collection.apply_batch,Python,inventory_only,
94ff55f,python/akashadb/database.py,244,Collection.delete,Python,inventory_only,
94ff55f,python/akashadb/database.py,247,Collection.flush,Python,inventory_only,
94ff55f,python/akashadb/database.py,250,Collection.backup,Python,inventory_only,
94ff55f,python/akashadb/database.py,253,Collection._export_records,Python,inventory_only,
94ff55f,python/akashadb/database.py,256,Collection.get,Python,inventory_only,
94ff55f,python/akashadb/database.py,271,Collection.search,Python,inventory_only,
94ff55f,python/akashadb/database.py,347,Collection.search_batch,Python,inventory_only,
94ff55f,python/akashadb/database.py,379,Collection.search_controlled,Python,inventory_only,
94ff55f,python/akashadb/database.py,413,CancellationToken.__init__,Python,inventory_only,
94ff55f,python/akashadb/database.py,416,CancellationToken.cancel,Python,inventory_only,
94ff55f,python/akashadb/database.py,420,CancellationToken.cancelled,Python,inventory_only,
94ff55f,python/akashadb/database.py,427,LocalDatabase.__init__,Python,inventory_only,
94ff55f,python/akashadb/database.py,432,LocalDatabase.open,Python,inventory_only,
94ff55f,python/akashadb/database.py,456,LocalDatabase.collection,Python,inventory_only,
94ff55f,python/akashadb/database.py,462,LocalDatabase.close,Python,inventory_only,
94ff55f,python/akashadb/database.py,467,LocalDatabase.close_all,Python,inventory_only,
94ff55f,python/akashadb/database.py,471,LocalDatabase.metrics,Python,inventory_only,
94ff55f,python/akashadb/distributed/cluster.py,50,DistributedCluster.__init__,Python,inventory_only,
94ff55f,python/akashadb/distributed/cluster.py,138,DistributedCluster._ensure_open,Python,inventory_only,
94ff55f,python/akashadb/distributed/cluster.py,142,DistributedCluster._publish_metadata,Python,inventory_only,
94ff55f,python/akashadb/distributed/cluster.py,145,DistributedCluster._rpc,Python,inventory_only,
94ff55f,python/akashadb/distributed/cluster.py,148,DistributedCluster._configure,Python,inventory_only,
94ff55f,python/akashadb/distributed/cluster.py,159,DistributedCluster._configure_all,Python,inventory_only,
94ff55f,python/akashadb/distributed/cluster.py,164,DistributedCluster.route,Python,inventory_only,
94ff55f,python/akashadb/distributed/cluster.py,169,DistributedCluster.collection_config,Python,inventory_only,
94ff55f,python/akashadb/distributed/cluster.py,172,DistributedCluster.last_search_stats,Python,inventory_only,
94ff55f,python/akashadb/distributed/cluster.py,175,DistributedCluster.upsert,Python,inventory_only,
94ff55f,python/akashadb/distributed/cluster.py,193,DistributedCluster.delete,Python,inventory_only,
94ff55f,python/akashadb/distributed/cluster.py,199,DistributedCluster._write,Python,inventory_only,
94ff55f,python/akashadb/distributed/cluster.py,280,DistributedCluster._commit_prepared,Python,inventory_only,
94ff55f,python/akashadb/distributed/cluster.py,317,DistributedCluster._ensure_leader,Python,inventory_only,
94ff55f,python/akashadb/distributed/cluster.py,326,DistributedCluster._status,Python,inventory_only,
94ff55f,python/akashadb/distributed/cluster.py,329,DistributedCluster._elect_leader,Python,inventory_only,
94ff55f,python/akashadb/distributed/cluster.py,350,DistributedCluster.catch_up,Python,inventory_only,
94ff55f,python/akashadb/distributed/cluster.py,388,DistributedCluster._query_replica,Python,inventory_only,
94ff55f,python/akashadb/distributed/cluster.py,403,DistributedCluster.search,Python,inventory_only,
94ff55f,python/akashadb/distributed/cluster.py,414,DistributedCluster._fanout,Python,inventory_only,
94ff55f,python/akashadb/distributed/cluster.py,429,DistributedCluster._query_shard,Python,inventory_only,
94ff55f,python/akashadb/distributed/cluster.py,453,DistributedCluster._merge_search_stats,Python,inventory_only,
94ff55f,python/akashadb/distributed/cluster.py,487,DistributedCluster._search_hybrid,Python,inventory_only,
94ff55f,python/akashadb/distributed/cluster.py,525,DistributedCluster._global_topk,Python,inventory_only,
94ff55f,python/akashadb/distributed/cluster.py,536,DistributedCluster._request_to_dict,Python,inventory_only,
94ff55f,python/akashadb/distributed/cluster.py,549,DistributedCluster.get,Python,inventory_only,
94ff55f,python/akashadb/distributed/cluster.py,560,DistributedCluster.stop_node,Python,inventory_only,
94ff55f,python/akashadb/distributed/cluster.py,564,DistributedCluster.restart_node,Python,inventory_only,
94ff55f,python/akashadb/distributed/cluster.py,575,DistributedCluster.partition_node,Python,inventory_only,
94ff55f,python/akashadb/distributed/cluster.py,579,DistributedCluster.inject_drop_commit_response,Python,inventory_only,
94ff55f,python/akashadb/distributed/cluster.py,588,DistributedCluster.inject_drop_query_response,Python,inventory_only,
94ff55f,python/akashadb/distributed/cluster.py,597,DistributedCluster.rebalance_add_replica,Python,inventory_only,
94ff55f,python/akashadb/distributed/cluster.py,662,DistributedCluster.replica_status,Python,inventory_only,
94ff55f,python/akashadb/distributed/cluster.py,666,DistributedCluster.debug_rpc,Python,inventory_only,
94ff55f,python/akashadb/distributed/cluster.py,669,DistributedCluster.close,Python,inventory_only,
94ff55f,python/akashadb/distributed/cluster.py,679,DistributedCluster.__enter__,Python,inventory_only,
94ff55f,python/akashadb/distributed/cluster.py,682,DistributedCluster.__exit__,Python,inventory_only,
94ff55f,python/akashadb/distributed/protocol.py,89,canonical_bytes,Python,discussed_in_audit,A19
94ff55f,python/akashadb/distributed/protocol.py,95,payload_checksum,Python,discussed_in_audit,A19
94ff55f,python/akashadb/distributed/protocol.py,99,checked_envelope,Python,discussed_in_audit,A19
94ff55f,python/akashadb/distributed/protocol.py,107,_exact_int,Python,inventory_only,
94ff55f,python/akashadb/distributed/protocol.py,113,_finite_number,Python,inventory_only,
94ff55f,python/akashadb/distributed/protocol.py,122,_decode_envelope_versioned,Python,inventory_only,
94ff55f,python/akashadb/distributed/protocol.py,139,decode_envelope,Python,inventory_only,
94ff55f,python/akashadb/distributed/protocol.py,143,canonical_collection_config,Python,inventory_only,
94ff55f,python/akashadb/distributed/protocol.py,173,_legacy_default_collection_config,Python,inventory_only,
94ff55f,python/akashadb/distributed/protocol.py,182,validate_replicated_mutation,Python,inventory_only,
94ff55f,python/akashadb/distributed/protocol.py,266,ShardPlacement.quorum,Python,inventory_only,
94ff55f,python/akashadb/distributed/protocol.py,283,ClusterMetadata.validate,Python,inventory_only,
94ff55f,python/akashadb/distributed/protocol.py,364,ClusterMetadata.to_payload,Python,inventory_only,
94ff55f,python/akashadb/distributed/protocol.py,386,ClusterMetadata.from_payload,Python,inventory_only,
94ff55f,python/akashadb/distributed/protocol.py,488,ClusterMetadata.publish,Python,inventory_only,
94ff55f,python/akashadb/distributed/protocol.py,505,ClusterMetadata.load,Python,inventory_only,
94ff55f,python/akashadb/distributed/protocol.py,525,ReplicatedEntry.create,Python,inventory_only,
94ff55f,python/akashadb/distributed/protocol.py,544,ReplicatedEntry.validate,Python,inventory_only,
94ff55f,python/akashadb/distributed/protocol.py,565,ReplicatedEntry.to_dict,Python,inventory_only,
94ff55f,python/akashadb/distributed/protocol.py,570,ReplicatedEntry.from_dict,Python,inventory_only,
94ff55f,python/akashadb/distributed/protocol.py,597,ReplicaJournal.__init__,Python,inventory_only,
94ff55f,python/akashadb/distributed/protocol.py,605,ReplicaJournal._load,Python,inventory_only,
94ff55f,python/akashadb/distributed/protocol.py,650,ReplicaJournal._append,Python,inventory_only,
94ff55f,python/akashadb/distributed/protocol.py,657,ReplicaJournal.prepare,Python,inventory_only,
94ff55f,python/akashadb/distributed/protocol.py,667,ReplicaJournal.commit,Python,inventory_only,
94ff55f,python/akashadb/distributed/protocol.py,675,ReplicaJournal.install_snapshot,Python,inventory_only,
94ff55f,python/akashadb/distributed/protocol.py,681,ReplicaJournal.committed_after,Python,inventory_only,
94ff55f,python/akashadb/distributed/replica.py,53,_publish_checked,Python,inventory_only,
94ff55f,python/akashadb/distributed/replica.py,63,_load_checked,Python,inventory_only,
94ff55f,python/akashadb/distributed/replica.py,72,_exact_int,Python,inventory_only,
94ff55f,python/akashadb/distributed/replica.py,78,_snapshot_payload,Python,inventory_only,
94ff55f,python/akashadb/distributed/replica.py,84,snapshot_checksum,Python,inventory_only,
94ff55f,python/akashadb/distributed/replica.py,90,_parse_snapshot_rows,Python,inventory_only,
94ff55f,python/akashadb/distributed/replica.py,181,_remove_snapshot_workspace,Python,inventory_only,
94ff55f,python/akashadb/distributed/replica.py,188,_snapshot_workspaces,Python,inventory_only,
94ff55f,python/akashadb/distributed/replica.py,196,_recover_snapshot_workspaces,Python,inventory_only,
94ff55f,python/akashadb/distributed/replica.py,213,_fsync_directory,Python,inventory_only,
94ff55f,python/akashadb/distributed/replica.py,222,ReplicaShard.__init__,Python,inventory_only,
94ff55f,python/akashadb/distributed/replica.py,255,ReplicaShard._publish_state,Python,inventory_only,
94ff55f,python/akashadb/distributed/replica.py,265,ReplicaShard.configure,Python,inventory_only,
94ff55f,python/akashadb/distributed/replica.py,273,ReplicaShard._validate_entry_epoch,Python,inventory_only,
94ff55f,python/akashadb/distributed/replica.py,279,ReplicaShard.prepare,Python,inventory_only,
94ff55f,python/akashadb/distributed/replica.py,287,ReplicaShard.commit,Python,inventory_only,
94ff55f,python/akashadb/distributed/replica.py,298,ReplicaShard._apply,Python,inventory_only,
94ff55f,python/akashadb/distributed/replica.py,323,ReplicaShard._replay_committed,Python,inventory_only,
94ff55f,python/akashadb/distributed/replica.py,329,ReplicaShard.query,Python,inventory_only,
94ff55f,python/akashadb/distributed/replica.py,351,ReplicaShard.get,Python,inventory_only,
94ff55f,python/akashadb/distributed/replica.py,362,ReplicaShard.export_records,Python,inventory_only,
94ff55f,python/akashadb/distributed/replica.py,365,ReplicaShard.entries_after,Python,inventory_only,
94ff55f,python/akashadb/distributed/replica.py,368,ReplicaShard.install_snapshot,Python,inventory_only,
94ff55f,python/akashadb/distributed/replica.py,474,ReplicaShard.status,Python,inventory_only,
94ff55f,python/akashadb/distributed/replica.py,484,ReplicaShard.close,Python,inventory_only,
94ff55f,python/akashadb/distributed/replica.py,488,replica_server_main,Python,inventory_only,
94ff55f,python/akashadb/distributed/replica.py,608,ReplicaProcess.__init__,Python,inventory_only,
94ff55f,python/akashadb/distributed/replica.py,624,ReplicaProcess.start,Python,discussed_in_audit,A19
94ff55f,python/akashadb/distributed/replica.py,652,ReplicaProcess.alive,Python,inventory_only,
94ff55f,python/akashadb/distributed/replica.py,655,ReplicaProcess.rpc,Python,inventory_only,
94ff55f,python/akashadb/distributed/replica.py,675,ReplicaProcess.stop,Python,inventory_only,
94ff55f,python/akashadb/distributed/replica.py,687,ReplicaProcess.crash,Python,inventory_only,
94ff55f,python/akashadb/exceptions.py,24,map_kernel_error,Python,inventory_only,
94ff55f,python/akashadb/models.py,31,CollectionConfig.__post_init__,Python,inventory_only,
94ff55f,python/akashadb/models.py,62,CollectionConfig.defaults,Python,inventory_only,
94ff55f,python/akashadb/models.py,66,CollectionConfig.from_options,Python,inventory_only,
94ff55f,python/akashadb/models.py,86,CollectionConfig.from_kernel,Python,inventory_only,
94ff55f,python/akashadb/models.py,103,CollectionConfig.to_kernel,Python,inventory_only,
94ff55f,python/akashadb/models.py,148,SearchStats.from_kernel,Python,inventory_only,
94ff55f,python/akashadb/models.py,158,PayloadField.to_kernel,Python,inventory_only,
94ff55f,python/akashadb/models.py,167,SparseElement.to_kernel,Python,inventory_only,
94ff55f,python/akashadb/models.py,192,Projection.to_kernel,Python,inventory_only,
94ff55f,python/akashadb/models.py,213,BatchMutation.upsert,Python,inventory_only,
94ff55f,python/akashadb/models.py,222,BatchMutation.delete,Python,inventory_only,
94ff55f,python/akashadb/models.py,225,BatchMutation.to_kernel,Python,inventory_only,
94ff55f,python/akashadb/models.py,261,ResourceLimits.__post_init__,Python,inventory_only,
94ff55f,python/akashadb/operations.py,31,StorageReport.from_kernel,Python,inventory_only,
94ff55f,python/akashadb/operations.py,46,inspect_storage,Python,inventory_only,
94ff55f,python/akashadb/operations.py,52,backup_collection,Python,inventory_only,
94ff55f,python/akashadb/operations.py,58,restore_storage,Python,inventory_only,
94ff55f,python/akashadb/operations.py,66,export_ndjson,Python,inventory_only,
94ff55f,python/akashadb/operations.py,82,import_ndjson,Python,inventory_only,
94ff55f,python/akashadb/operations.py,128,quarantine_orphans,Python,inventory_only,
94ff55f,python/akashadb/operations.py,149,_validate_sparse,Python,inventory_only,
94ff55f,python/akashadb/operations.py,159,report_json,Python,inventory_only,
94ff55f,native/maintenance_worker.c,20,akasha_worker_main,C,discussed_in_audit,A14;L01
94ff55f,native/maintenance_worker.c,49,akasha_worker_open,C,discussed_in_audit,A14;L01
94ff55f,native/maintenance_worker.c,77,akasha_worker_valid,C,discussed_in_audit,A14;L01
94ff55f,native/maintenance_worker.c,81,akasha_worker_request,C,discussed_in_audit,A14;L01
94ff55f,native/maintenance_worker.c,102,akasha_worker_pending_count,C,discussed_in_audit,A14;L01
94ff55f,native/maintenance_worker.c,110,akasha_worker_is_running,C,discussed_in_audit,A14;L01
94ff55f,native/maintenance_worker.c,118,akasha_worker_drain,C,discussed_in_audit,A14;L01
94ff55f,native/maintenance_worker.c,129,akasha_worker_close,C,discussed_in_audit,A14;L01
94ff55f,apps/server/main.py,14,create_app,Python,inventory_only,
94ff55f,apps/server/main.py,18,create_app.lifespan,Python,inventory_only,
94ff55f,apps/server/main.py,34,create_app.health,Python,inventory_only,
94ff55f,apps/server/main.py,38,create_app.metrics,Python,inventory_only,
94ff55f,apps/server/main.py,42,create_app.not_found_handler,Python,inventory_only,
94ff55f,apps/server/main.py,48,create_app.akasha_error_handler,Python,inventory_only,
94ff55f,apps/server/routes/collections.py,14,open_collection,Python,discussed_in_audit,A19
94ff55f,apps/server/routes/collections.py,29,collection_stats,Python,discussed_in_audit,A19
94ff55f,apps/server/routes/collections.py,38,close_collection,Python,discussed_in_audit,A19
94ff55f,apps/server/routes/collections.py,44,flush_collection,Python,discussed_in_audit,A19
94ff55f,apps/server/routes/points.py,13,upsert_point,Python,discussed_in_audit,A19
94ff55f,apps/server/routes/points.py,29,delete_point,Python,discussed_in_audit,A19
94ff55f,apps/server/routes/points.py,38,get_point,Python,discussed_in_audit,A19
94ff55f,apps/server/routes/points.py,54,search_points,Python,discussed_in_audit,A19
94ff55f,apps/server/schemas.py,65,OpenCollectionRequest.collection_config,Python,inventory_only,
